date,men_20_24_rate,women_20_24_rate,men_25plus_rate,women_25plus_rate,men_25_34_rate,women_25_34_rate,men_35_44_rate,women_35_44_rate,men_45_54_rate,women_45_54_rate,men_55plus_rate,women_55plus_rate,20_plus_overall_rate,20_plus_men_rate,20_plus_women_rate
1948-01-01,7.2,3.4,2.5,2.7,2.6,4.3,2.1,1.8,2.3,2.1,3.0,,3.2,3.283333333333333,2.86
1948-02-01,7.4,4.5,2.6,3.7,2.7,5.1,2.5,2.6,2.6,3.3,2.9,,3.7333333333333334,3.4499999999999997,3.84
1948-03-01,9.0,5.4,2.6,3.2,2.7,3.5,2.6,3.0,2.4,3.3,2.8,,3.855555555555555,3.6833333333333336,3.6800000000000006
1948-04-01,7.9,5.0,2.8,3.5,3.2,3.8,2.7,3.5,2.5,3.1,2.9,,3.8444444444444446,3.666666666666666,3.7800000000000002
1948-05-01,7.6,4.9,2.7,3.1,2.9,3.3,2.4,3.0,2.3,2.9,3.1,,3.5999999999999996,3.5000000000000004,3.44
1948-06-01,6.9,4.6,2.4,3.5,2.5,4.2,2.3,3.3,2.2,3.1,2.8,,3.5444444444444447,3.1833333333333336,3.7400000000000007
1948-07-01,6.0,6.5,2.5,3.3,2.4,4.2,2.4,2.6,2.2,3.1,2.9,,3.5888888888888895,3.0666666666666664,3.9400000000000004
1948-08-01,6.2,4.7,2.8,4.0,3.1,4.7,2.3,4.1,2.4,3.4,3.3,,3.8000000000000003,3.3499999999999996,4.18
1948-09-01,6.3,4.1,2.9,3.6,2.8,4.9,2.6,3.0,3.2,3.2,3.4,,3.7222222222222223,3.533333333333333,3.7600000000000002
1948-10-01,5.6,4.6,2.8,3.4,3.0,4.5,2.3,3.0,2.5,3.0,3.3,,3.533333333333333,3.25,3.7
1948-11-01,5.7,4.9,3.0,3.2,3.2,4.4,2.3,3.0,2.8,2.3,3.9,,3.611111111111111,3.483333333333333,3.56
1948-12-01,6.9,5.4,3.1,3.5,2.8,4.4,2.6,3.0,3.1,3.4,4.1,,3.966666666666667,3.766666666666667,3.94
1949-01-01,7.7,5.1,3.4,3.6,3.6,4.2,2.8,3.5,3.2,3.3,3.7,,4.122222222222224,4.066666666666666,3.94
1949-02-01,8.5,5.9,3.7,3.7,3.8,4.4,3.4,3.9,3.6,3.3,4.3,,4.566666666666666,4.55,4.24
1949-03-01,9.3,5.2,4.0,3.3,4.4,3.3,3.4,4.1,3.6,3.1,4.6,,4.555555555555555,4.883333333333334,3.8
1949-04-01,9.1,6.2,4.2,4.5,4.5,5.7,3.6,4.5,3.8,3.8,4.7,,5.1000000000000005,4.983333333333333,4.9399999999999995
1949-05-01,11.1,7.1,4.8,5.0,5.3,6.1,4.3,4.9,4.5,3.9,5.4,,5.844444444444445,5.8999999999999995,5.4
1949-06-01,11.0,7.3,4.9,5.1,5.8,6.9,4.4,4.5,4.6,3.1,5.3,,5.877777777777777,6.0,5.38
1949-07-01,12.5,7.4,5.3,6.2,5.7,7.2,4.6,5.6,4.6,4.7,6.2,,6.5,6.483333333333334,6.22
1949-08-01,12.1,9.3,5.4,5.7,5.3,7.5,4.9,5.4,4.7,4.7,6.6,,6.722222222222223,6.500000000000001,6.5200000000000005
1949-09-01,10.9,9.0,5.4,5.4,5.6,6.2,5.2,5.3,4.5,4.5,6.7,,6.433333333333334,6.383333333333333,6.08
1949-10-01,12.4,9.0,6.9,5.3,8.7,7.2,6.0,5.3,6.1,4.8,6.6,,7.344444444444444,7.783333333333334,6.32
1949-11-01,10.9,8.1,5.3,5.2,5.5,6.5,5.2,4.9,4.9,4.6,5.8,,6.266666666666667,6.266666666666666,5.860000000000001
1949-12-01,9.9,8.5,5.4,5.4,5.9,6.7,4.9,5.1,5.1,4.4,5.6,,6.233333333333333,6.133333333333334,6.0200000000000005
1950-01-01,10.9,9.5,5.1,5.8,5.7,6.8,3.7,5.2,5.2,5.5,5.4,,6.433333333333334,6.0,6.56
1950-02-01,10.8,8.4,4.9,5.7,5.4,6.5,4.1,5.1,5.1,5.7,5.3,,6.266666666666667,5.933333333333334,6.28
1950-03-01,10.6,5.9,5.0,5.3,5.5,6.2,4.4,5.3,4.8,5.5,5.5,,5.966666666666667,5.966666666666666,5.64
1950-04-01,9.2,6.9,4.9,4.7,5.2,5.3,4.3,4.5,4.6,4.4,5.7,,5.566666666666667,5.650000000000001,5.160000000000001
1950-05-01,8.4,7.5,4.5,4.8,4.9,6.3,4.0,4.6,4.1,4.2,5.1,,5.455555555555556,5.166666666666667,5.48
1950-06-01,7.5,7.9,4.3,5.1,4.4,6.3,3.5,4.3,3.8,4.7,5.7,,5.344444444444445,4.866666666666667,5.66
1950-07-01,7.4,7.0,4.0,4.9,4.3,6.0,3.2,4.5,4.0,4.4,4.6,,5.044444444444445,4.583333333333333,5.359999999999999
1950-08-01,7.1,5.3,3.5,4.1,3.4,5.3,3.1,3.7,3.4,3.7,3.9,,4.322222222222222,4.066666666666666,4.42
1950-09-01,7.6,7.0,3.3,4.1,3.2,5.1,3.1,3.7,3.3,3.6,3.9,,4.5,4.066666666666666,4.7
1950-10-01,4.3,5.6,3.3,4.0,3.1,4.6,2.9,3.3,3.3,4.0,4.1,,3.9111111111111105,3.5,4.3
1950-11-01,5.9,5.5,3.1,4.6,3.0,5.8,2.7,4.0,2.9,4.3,4.0,,4.233333333333333,3.5999999999999996,4.84
1950-12-01,4.9,5.5,3.3,4.2,3.4,4.6,2.8,4.1,2.7,4.0,4.3,,4.033333333333333,3.5666666666666664,4.4799999999999995
1951-01-01,4.2,4.8,2.9,4.2,2.6,4.8,2.5,4.0,2.3,3.8,3.9,,3.6555555555555554,3.0666666666666664,4.32
1951-02-01,3.9,3.9,2.5,4.1,2.5,4.8,2.0,3.8,2.1,3.8,3.7,,3.3888888888888884,2.783333333333333,4.08
1951-03-01,3.6,5.5,2.3,3.9,2.3,5.1,1.9,3.9,2.1,3.6,3.1,,3.4555555555555557,2.55,4.4
1951-04-01,3.8,4.6,2.1,4.0,1.7,4.9,1.6,3.8,2.3,3.1,2.9,,3.1888888888888887,2.4,4.08
1951-05-01,3.5,3.9,2.1,4.0,1.9,4.5,1.6,3.8,2.2,4.0,2.8,,3.1333333333333337,2.35,4.04
1951-06-01,3.9,4.3,2.3,3.8,2.0,4.4,1.9,3.5,2.4,3.8,3.1,,3.2555555555555555,2.6,3.96
1951-07-01,4.1,4.2,2.2,3.6,2.3,3.5,1.9,3.3,2.3,3.4,2.4,,3.0444444444444443,2.5333333333333337,3.6
1951-08-01,3.2,4.1,2.4,3.4,2.4,3.9,2.1,3.2,2.5,3.4,2.3,,3.011111111111111,2.483333333333333,3.6
1951-09-01,3.8,4.8,2.4,4.1,2.5,4.8,1.9,3.9,2.9,3.7,2.4,,3.4111111111111105,2.65,4.26
1951-10-01,4.2,4.6,2.6,4.2,3.0,3.9,1.8,4.4,2.4,3.7,3.3,,3.477777777777778,2.8833333333333333,4.16
1951-11-01,4.9,4.4,2.4,4.0,2.5,4.6,2.4,3.8,2.4,3.1,2.6,,3.411111111111111,2.866666666666667,3.9800000000000004
1951-12-01,3.7,3.9,2.3,3.8,2.3,4.7,1.8,3.8,2.4,3.0,2.5,,3.1222222222222222,2.5000000000000004,3.84
1952-01-01,4.2,4.2,2.3,3.2,2.4,4.0,1.9,3.1,2.4,2.5,2.4,,3.011111111111111,2.6,3.4
1952-02-01,4.1,4.9,2.3,3.3,2.2,4.2,2.3,3.2,2.2,2.6,2.5,,3.1333333333333337,2.5999999999999996,3.6399999999999997
1952-03-01,3.6,5.4,2.2,2.5,1.9,2.9,1.9,2.6,2.6,2.3,2.6,,2.866666666666667,2.466666666666667,3.1399999999999997
1952-04-01,4.3,4.9,2.1,3.1,2.2,3.8,1.9,3.0,1.9,2.6,2.7,,3.033333333333333,2.516666666666667,3.4800000000000004
1952-05-01,4.2,4.8,2.1,3.2,1.8,4.2,1.8,2.9,2.2,2.5,2.7,,3.011111111111111,2.466666666666667,3.5200000000000005
1952-06-01,4.4,4.2,2.3,2.9,2.2,3.1,1.8,3.3,2.8,2.4,2.6,,2.9777777777777783,2.6833333333333336,3.18
1952-07-01,4.7,4.7,2.5,3.0,2.5,3.5,2.2,3.2,2.4,2.3,2.9,,3.1555555555555554,2.8666666666666667,3.34
1952-08-01,5.3,4.6,2.7,3.1,2.6,3.4,2.4,3.5,2.2,3.2,3.1,,3.3666666666666667,3.0500000000000003,3.56
1952-09-01,7.8,3.5,2.2,2.8,2.7,3.4,1.6,2.6,1.8,3.0,2.8,,3.2444444444444445,3.15,3.0599999999999996
1952-10-01,5.2,4.3,2.0,3.1,1.9,4.2,1.8,3.5,2.0,2.5,2.5,,3.0999999999999996,2.566666666666667,3.5200000000000005
1952-11-01,3.9,4.4,2.0,2.7,2.1,3.5,1.8,3.1,1.9,2.4,2.3,,2.8222222222222224,2.3333333333333335,3.22
1952-12-01,5.0,4.2,1.9,2.5,1.8,3.2,1.7,2.3,1.7,2.2,2.3,,2.7111111111111112,2.4,2.88
1953-01-01,4.1,3.9,2.5,2.5,2.6,3.3,2.1,2.0,2.4,2.2,2.8,,2.8222222222222224,2.75,2.78
1953-02-01,4.1,3.0,2.0,2.5,1.8,3.5,1.5,2.2,2.2,1.8,2.8,,2.5444444444444443,2.4,2.6
1953-03-01,4.4,3.8,1.8,2.6,1.5,3.0,1.7,3.0,1.9,2.2,2.5,,2.6666666666666665,2.3000000000000003,2.9200000000000004
1953-04-01,5.4,3.6,2.1,2.4,2.0,3.2,2.0,2.3,1.9,2.0,2.5,,2.7666666666666666,2.65,2.7
1953-05-01,3.7,3.9,2.2,2.1,2.3,2.8,1.8,2.0,2.4,2.0,2.2,,2.5666666666666664,2.4333333333333336,2.56
1953-06-01,4.3,4.2,2.0,2.2,2.0,2.6,1.7,2.3,2.3,1.7,2.0,,2.566666666666667,2.3833333333333333,2.6
1953-07-01,3.3,4.1,2.1,2.3,1.8,3.0,2.0,2.1,2.0,1.7,3.0,,2.5555555555555554,2.3666666666666667,2.6399999999999997
1953-08-01,4.8,5.6,2.0,2.2,1.9,3.0,1.9,2.2,1.6,1.7,2.4,,2.7888888888888888,2.433333333333333,2.94
1953-09-01,5.4,4.6,2.2,3.0,2.0,3.3,1.7,2.8,2.5,2.8,2.7,,3.088888888888889,2.75,3.3
1953-10-01,4.0,4.6,2.4,2.9,2.2,4.5,2.4,2.6,2.6,2.3,2.6,,3.0888888888888895,2.7000000000000006,3.38
1953-11-01,6.6,5.1,2.8,3.1,3.0,4.3,2.4,2.7,2.7,3.0,3.3,,3.677777777777778,3.466666666666667,3.6399999999999997
1953-12-01,10.1,5.9,3.3,4.2,3.6,4.9,2.9,4.1,3.2,4.0,3.5,,4.688888888888889,4.433333333333333,4.62
1954-01-01,9.7,7.3,3.6,5.0,3.7,6.0,3.1,5.0,3.8,4.0,3.5,,5.122222222222222,4.566666666666667,5.46
1954-02-01,10.7,7.3,3.9,5.0,4.3,6.0,3.6,5.0,3.9,4.3,3.7,,5.422222222222222,5.016666666666667,5.5200000000000005
1954-03-01,11.2,6.8,4.3,5.6,4.9,6.6,3.8,5.2,4.2,5.2,4.3,,5.8,5.449999999999999,5.88
1954-04-01,10.4,9.2,4.7,5.4,5.1,6.3,4.1,5.1,4.7,5.1,4.7,,6.077777777777778,5.616666666666667,6.220000000000001
1954-05-01,11.0,7.3,4.8,5.6,5.6,6.6,4.5,5.9,4.5,5.2,4.7,,6.144444444444445,5.8500000000000005,6.119999999999999
1954-06-01,10.5,6.7,4.7,5.7,4.9,7.1,4.5,5.8,4.6,5.4,4.8,,6.033333333333333,5.666666666666667,6.140000000000001
1954-07-01,10.6,7.2,4.7,5.5,5.1,6.7,4.2,5.6,4.5,5.0,4.9,,5.977777777777778,5.666666666666667,6.0
1954-08-01,11.0,6.6,5.0,5.6,5.6,7.2,4.4,6.1,4.5,4.7,4.8,,6.1,5.883333333333333,6.04
1954-09-01,11.6,9.6,5.0,5.4,5.2,7.3,5.6,5.8,4.6,4.2,4.8,,6.522222222222222,6.133333333333333,6.460000000000001
1954-10-01,10.9,6.7,4.9,4.9,5.9,6.7,4.4,5.0,4.6,4.2,5.1,,5.9444444444444455,5.966666666666668,5.5
1954-11-01,11.5,7.3,4.3,4.9,4.6,6.0,3.8,4.9,4.1,4.4,4.7,,5.699999999999999,5.5,5.5
1954-12-01,10.2,5.7,4.1,4.6,3.5,6.5,4.1,4.2,3.9,3.9,4.7,,5.188888888888889,5.083333333333333,4.9799999999999995
1955-01-01,9.8,6.0,3.9,4.7,3.6,5.4,3.7,4.5,3.5,4.1,4.7,,5.033333333333334,4.866666666666666,4.94
1955-02-01,8.0,6.8,3.8,4.2,3.9,5.0,3.7,4.3,3.4,3.4,4.4,,4.766666666666667,4.533333333333334,4.74
1955-03-01,8.1,5.5,3.8,4.0,4.1,5.0,3.5,4.5,3.4,3.1,4.2,,4.6000000000000005,4.516666666666667,4.42
1955-04-01,8.4,5.6,4.0,4.0,4.3,6.0,3.5,3.9,4.1,3.4,4.3,,4.833333333333333,4.766666666666667,4.58
1955-05-01,8.2,5.9,3.3,4.0,2.8,5.0,3.4,4.0,3.2,3.0,4.0,,4.388888888888889,4.1499999999999995,4.38
1955-06-01,8.1,6.2,3.2,4.0,2.6,5.2,3.0,3.5,3.0,4.0,4.4,,4.444444444444445,4.05,4.58
1955-07-01,8.9,4.6,2.9,4.1,2.5,5.0,2.5,3.7,3.0,3.6,3.8,,4.177777777777777,3.9333333333333336,4.2
1955-08-01,7.4,5.5,3.1,4.2,2.6,5.6,2.5,3.8,3.0,3.8,4.2,,4.2666666666666675,3.8000000000000003,4.58
1955-09-01,6.7,8.2,2.9,4.0,2.9,5.7,2.8,3.1,2.2,3.7,3.9,,4.355555555555555,3.5666666666666664,4.9399999999999995
1955-10-01,6.2,6.5,3.2,4.3,3.1,5.3,2.4,4.3,2.9,4.6,4.9,,4.466666666666666,3.7833333333333337,5.0
1955-11-01,6.0,5.8,3.2,4.0,2.8,5.2,2.7,4.3,3.3,3.4,4.1,,4.177777777777778,3.6833333333333336,4.54
1955-12-01,5.8,6.6,3.2,4.0,3.1,4.9,2.5,4.1,3.2,3.7,4.0,,4.211111111111111,3.6333333333333333,4.66
1956-01-01,6.5,5.9,3.1,3.6,3.2,4.9,2.6,4.0,3.0,2.3,3.7,,4.011111111111111,3.683333333333333,4.14
1956-02-01,6.3,4.6,3.1,3.5,3.0,4.1,2.4,3.7,3.6,3.6,3.6,,3.8777777777777778,3.6666666666666674,3.9
1956-03-01,6.9,6.4,3.1,3.9,3.2,4.9,2.6,3.5,3.6,3.9,3.2,,4.2444444444444445,3.766666666666666,4.5200000000000005
1956-04-01,7.3,5.8,2.9,4.0,2.8,4.7,2.4,3.9,2.8,3.7,3.5,,4.1000000000000005,3.6166666666666667,4.42
1956-05-01,7.4,6.3,3.1,4.1,3.2,4.9,2.7,3.7,2.9,4.0,3.8,,4.322222222222222,3.8499999999999996,4.6
1956-06-01,7.2,6.7,3.2,4.0,3.8,4.8,2.8,3.9,2.3,3.4,3.6,,4.277777777777778,3.816666666666667,4.56
1956-07-01,6.8,7.7,3.1,4.7,3.6,5.7,2.8,4.5,2.6,4.5,3.4,,4.622222222222223,3.716666666666667,5.42
1956-08-01,7.0,6.3,3.0,4.1,3.4,4.5,2.8,4.3,2.6,3.8,2.9,,4.177777777777778,3.6166666666666667,4.6
1956-09-01,6.4,6.3,3.0,3.8,3.5,4.5,2.6,3.8,2.7,3.7,3.2,,4.077777777777778,3.5666666666666664,4.42
1956-10-01,6.8,6.8,2.8,3.7,3.1,4.5,2.4,3.7,2.8,3.4,3.2,,4.077777777777778,3.516666666666666,4.42
1956-11-01,6.7,6.1,3.2,4.0,3.3,5.0,2.7,3.9,3.1,3.8,3.5,,4.233333333333333,3.75,4.5600000000000005
1956-12-01,7.5,7.1,3.2,3.9,3.1,5.3,2.8,4.3,3.3,3.4,3.8,,4.51111111111111,3.9499999999999997,4.8
1957-01-01,6.9,6.7,3.1,4.0,3.0,5.2,2.8,3.7,3.3,3.6,3.4,,4.288888888888889,3.75,4.64
1957-02-01,7.2,6.4,2.9,3.6,2.9,4.7,2.6,3.2,2.9,3.6,3.4,,4.1,3.65,4.3
1957-03-01,5.8,5.5,2.8,3.5,2.5,4.8,2.5,3.2,2.7,3.3,3.4,,3.744444444444445,3.283333333333333,4.0600000000000005
1957-04-01,6.9,6.2,3.0,3.2,3.0,5.4,2.8,3.3,3.0,2.1,3.3,,4.0,3.6666666666666665,4.040000000000001
1957-05-01,7.3,5.8,2.9,3.9,3.0,5.6,2.3,3.7,2.9,2.7,3.5,,4.088888888888889,3.65,4.34
1957-06-01,8.5,5.6,3.0,4.1,3.2,5.7,2.4,4.8,3.5,2.4,3.3,,4.377777777777777,3.983333333333333,4.52
1957-07-01,6.7,5.7,3.1,3.9,3.4,5.5,2.5,3.9,3.2,2.7,3.3,,4.1,3.7000000000000006,4.34
1957-08-01,7.6,6.6,3.0,3.7,3.3,5.2,2.6,3.4,2.9,3.4,3.3,,4.2555555555555555,3.783333333333333,4.459999999999999
1957-09-01,8.2,5.7,3.4,4.0,3.6,4.9,3.0,4.3,3.4,3.5,3.7,,4.477777777777778,4.216666666666666,4.4799999999999995
1957-10-01,8.7,5.5,3.5,4.0,3.7,5.0,3.4,4.2,3.8,3.4,3.7,,4.6,4.466666666666666,4.42
1957-11-01,10.7,6.6,4.0,4.4,4.1,5.7,3.7,4.1,4.1,3.8,3.7,,5.166666666666667,5.049999999999999,4.92
1957-12-01,10.4,5.6,4.2,4.2,4.7,5.7,3.8,4.3,4.2,3.6,4.0,,5.144444444444444,5.216666666666667,4.680000000000001
1958-01-01,11.6,7.4,4.6,5.0,5.6,5.8,4.2,5.1,4.2,4.3,4.1,,5.811111111111112,5.716666666666666,5.52
1958-02-01,12.7,8.0,5.1,5.9,6.0,7.0,4.9,7.2,4.7,4.9,4.8,,6.688888888888889,6.366666666666666,6.6
1958-03-01,13.1,8.5,5.6,5.8,6.5,7.5,5.0,6.6,5.4,4.3,5.2,,6.9,6.800000000000001,6.539999999999999
1958-04-01,13.6,11.4,6.1,6.2,7.4,7.9,5.3,7.0,6.0,5.3,5.6,,7.722222222222222,7.333333333333333,7.56
1958-05-01,13.8,9.5,6.2,6.2,7.3,8.4,5.7,6.6,5.7,5.5,5.6,,7.566666666666666,7.383333333333334,7.24
1958-06-01,13.8,9.0,6.3,6.2,7.6,8.1,5.6,6.6,6.4,5.4,5.4,,7.544444444444445,7.516666666666667,7.06
1958-07-01,14.6,8.8,6.3,6.0,7.2,8.1,5.9,5.9,6.1,5.3,5.7,,7.511111111111112,7.633333333333334,6.8199999999999985
1958-08-01,13.3,9.7,6.3,6.2,6.9,8.1,5.8,6.1,6.5,5.1,5.8,,7.477777777777778,7.433333333333333,7.040000000000001
1958-09-01,12.6,9.1,5.8,5.9,6.4,7.3,5.2,6.4,5.4,5.0,5.9,,7.033333333333333,6.883333333333333,6.74
1958-10-01,12.5,8.6,5.5,5.5,6.2,7.1,5.1,5.6,4.9,5.4,6.2,,6.844444444444445,6.733333333333333,6.4399999999999995
1958-11-01,10.2,8.1,5.2,4.9,5.8,6.7,4.6,4.9,4.4,4.2,5.8,,6.0777777777777775,5.999999999999999,5.76
1958-12-01,10.5,9.4,5.1,5.1,5.9,6.3,4.6,5.8,4.4,4.3,5.8,,6.333333333333332,6.05,6.180000000000001
1959-01-01,10.2,9.2,4.8,5.2,5.5,6.3,4.0,5.9,4.6,4.1,5.3,,6.122222222222222,5.733333333333333,6.140000000000001
1959-02-01,10.3,9.3,4.7,5.1,5.3,6.8,4.3,5.4,4.5,4.3,5.1,,6.144444444444445,5.7,6.180000000000001
1959-03-01,9.4,9.1,4.3,5.0,4.9,6.3,3.7,5.2,4.1,4.4,4.8,,5.766666666666666,5.2,6.0
1959-04-01,7.6,8.0,3.9,4.8,4.3,5.4,3.2,5.3,3.8,4.5,4.5,,5.177777777777777,4.55,5.6000000000000005
1959-05-01,6.8,7.4,3.9,4.7,4.4,5.4,3.2,4.9,3.4,4.4,4.5,,4.933333333333334,4.366666666666666,5.359999999999999
1959-06-01,8.4,7.8,3.8,4.5,4.0,5.5,3.4,4.7,3.7,4.3,4.0,,5.088888888888889,4.55,5.36
1959-07-01,7.9,7.5,3.9,4.6,3.9,5.6,3.4,4.8,3.9,4.2,4.5,,5.0777777777777775,4.583333333333333,5.34
1959-08-01,7.9,7.5,4.0,4.4,4.0,5.7,3.7,4.8,4.3,3.7,3.9,,5.055555555555555,4.633333333333334,5.220000000000001
1959-09-01,9.2,7.9,4.3,4.5,4.8,5.7,4.0,4.6,4.3,3.7,4.2,,5.377777777777778,5.133333333333334,5.28
1959-10-01,8.7,8.0,4.4,4.9,4.8,6.3,3.6,5.3,4.5,4.8,5.0,,5.666666666666667,5.166666666666667,5.86
1959-11-01,9.2,7.7,4.9,4.6,5.2,5.4,4.8,5.2,4.5,4.1,4.8,,5.655555555555555,5.566666666666666,5.4
1959-12-01,8.4,7.6,3.9,4.8,4.3,6.6,3.3,4.7,3.8,4.0,4.3,,5.222222222222222,4.666666666666667,5.54
1960-01-01,8.5,7.8,4.0,4.4,4.2,5.8,3.6,4.3,3.9,3.9,4.5,,5.166666666666667,4.783333333333333,5.24
1960-02-01,8.4,7.5,3.6,4.1,3.9,5.3,3.0,4.7,3.5,3.5,4.3,,4.8999999999999995,4.45,5.02
1960-03-01,9.0,7.8,4.1,4.6,4.7,5.2,3.4,4.9,3.9,4.3,4.4,,5.288888888888889,4.916666666666667,5.36
1960-04-01,8.8,8.1,4.0,4.3,4.7,5.6,3.4,4.3,3.5,4.0,4.4,,5.199999999999999,4.8,5.26
1960-05-01,8.3,8.5,3.9,4.2,3.9,5.5,3.7,4.5,3.9,3.6,4.0,,5.1000000000000005,4.616666666666666,5.26
1960-06-01,7.8,9.1,4.2,4.4,4.7,6.1,3.7,4.6,3.7,4.1,4.8,,5.3999999999999995,4.816666666666666,5.660000000000001
1960-07-01,8.7,8.5,4.3,4.7,5.1,6.7,3.7,5.0,3.9,4.2,4.5,,5.588888888888889,5.033333333333333,5.819999999999999
1960-08-01,8.8,8.1,4.5,4.7,5.3,6.3,3.8,4.8,4.1,4.4,4.8,,5.6,5.216666666666667,5.660000000000001
1960-09-01,8.9,7.7,4.5,4.4,4.9,7.2,4.0,4.5,4.4,3.5,4.5,,5.511111111111111,5.2,5.46
1960-10-01,9.2,7.6,4.8,5.2,5.3,7.2,4.4,5.2,4.9,4.8,4.8,,5.933333333333333,5.566666666666666,6.0
1960-11-01,10.2,9.5,4.9,5.3,5.8,7.2,4.6,5.4,4.4,5.0,4.5,,6.288888888888889,5.733333333333333,6.4799999999999995
1960-12-01,11.3,9.6,5.1,5.6,5.8,7.7,4.8,5.8,5.3,5.5,4.7,,6.722222222222222,6.166666666666667,6.840000000000001
1961-01-01,10.5,9.2,5.3,5.5,5.8,7.2,4.8,5.6,5.2,4.8,5.2,,6.477777777777778,6.133333333333334,6.459999999999999
1961-02-01,11.1,9.6,5.3,5.9,6.1,8.1,4.7,6.3,5.4,5.3,5.2,,6.866666666666666,6.300000000000001,7.040000000000001
1961-03-01,11.2,10.1,5.3,6.0,5.9,7.1,4.8,6.7,5.0,5.3,5.5,,6.844444444444444,6.283333333333334,7.040000000000001
1961-04-01,12.7,13.0,5.4,5.9,5.9,7.3,4.8,6.3,5.2,5.0,5.7,,7.322222222222221,6.616666666666667,7.5
1961-05-01,11.7,10.3,5.8,6.1,6.3,7.5,5.3,6.9,5.4,5.5,6.0,,7.211111111111112,6.75,7.26
1961-06-01,11.1,9.7,5.3,6.4,6.0,7.5,4.8,7.1,5.1,5.6,5.6,,6.944444444444444,6.316666666666666,7.260000000000001
1961-07-01,11.0,9.9,5.5,6.2,6.1,7.7,4.6,6.4,5.0,5.9,6.3,,6.988888888888889,6.416666666666667,7.220000000000001
1961-08-01,10.8,8.7,5.3,5.6,5.7,7.0,4.8,6.3,4.4,5.0,6.3,,6.555555555555555,6.216666666666666,6.519999999999999
1961-09-01,9.5,10.0,5.1,5.7,5.3,7.2,4.5,6.4,4.6,5.0,6.3,,6.533333333333333,5.883333333333333,6.859999999999999
1961-10-01,10.1,9.6,4.8,5.8,5.5,7.7,4.2,6.6,4.4,4.8,5.7,,6.511111111111111,5.783333333333334,6.899999999999999
1961-11-01,9.4,8.5,4.8,5.3,5.3,7.5,3.9,5.6,4.4,4.6,5.3,,6.055555555555555,5.516666666666666,6.3
1961-12-01,9.6,9.4,4.5,5.3,4.8,6.3,3.9,6.2,4.2,4.7,5.3,,6.044444444444444,5.383333333333333,6.38
1962-01-01,9.1,9.2,4.2,5.3,4.5,7.3,3.8,5.7,3.7,4.5,4.9,,5.855555555555555,5.033333333333334,6.4
1962-02-01,8.7,8.0,4.0,4.8,4.2,6.1,3.7,5.1,4.0,4.7,4.3,,5.422222222222222,4.816666666666666,5.74
1962-03-01,8.8,9.6,4.1,4.7,4.6,6.6,3.7,5.1,4.0,4.2,4.3,,5.655555555555555,4.916666666666667,6.04
1962-04-01,8.7,8.0,4.3,4.8,4.4,7.4,4.0,5.2,4.2,4.1,4.4,,5.6,5.0,5.9
1962-05-01,9.0,8.2,4.2,4.7,4.3,6.8,3.5,4.9,4.0,4.2,4.8,,5.522222222222222,4.966666666666667,5.76
1962-06-01,8.4,8.3,4.3,4.7,4.4,6.3,4.1,5.2,4.1,4.0,4.4,,5.466666666666666,4.95,5.7
1962-07-01,8.9,9.6,4.1,4.6,4.5,6.0,3.8,5.3,3.9,3.6,4.1,,5.522222222222222,4.883333333333333,5.82
1962-08-01,10.2,10.4,4.2,4.9,4.8,6.2,3.6,5.7,4.0,3.7,4.4,,5.888888888888889,5.2,6.18
1962-09-01,8.2,10.6,4.1,4.8,4.8,5.9,3.5,5.3,3.8,4.6,4.6,,5.699999999999999,4.833333333333333,6.239999999999999
1962-10-01,9.1,8.9,3.8,4.8,4.5,6.3,3.4,4.8,3.0,3.9,4.6,,5.388888888888889,4.733333333333333,5.74
1962-11-01,9.0,9.1,4.2,4.9,4.4,6.6,3.4,5.2,4.0,4.0,5.1,,5.644444444444445,5.016666666666667,5.96
1962-12-01,8.9,8.7,4.2,4.8,4.4,6.9,3.2,4.8,4.2,4.3,5.1,,5.611111111111112,5.0,5.9
1963-01-01,9.1,8.1,4.3,5.0,4.8,6.7,3.4,5.5,4.4,4.5,4.6,,5.677777777777778,5.1000000000000005,5.96
1963-02-01,9.0,8.3,4.4,5.0,5.0,7.3,3.9,5.4,3.9,3.9,4.9,,5.733333333333333,5.183333333333333,5.9799999999999995
1963-03-01,9.0,7.7,4.2,4.8,4.5,7.3,3.7,5.3,3.9,4.1,4.6,,5.566666666666666,4.983333333333333,5.840000000000001
1963-04-01,8.9,8.6,4.1,4.9,4.6,6.4,3.4,5.2,3.9,4.3,4.5,,5.533333333333333,4.8999999999999995,5.88
1963-05-01,8.5,8.4,4.1,5.0,4.7,6.7,3.3,5.2,3.8,4.5,4.7,,5.533333333333333,4.8500000000000005,5.96
1963-06-01,8.8,8.8,3.8,4.9,4.1,6.8,3.4,4.9,3.3,4.2,4.4,,5.4111111111111105,4.633333333333334,5.92
1963-07-01,8.9,9.0,3.8,4.9,3.9,7.0,3.5,4.8,3.4,4.4,4.1,,5.444444444444445,4.599999999999999,6.0200000000000005
1963-08-01,8.9,8.9,3.6,4.9,4.1,7.3,3.2,4.8,3.5,4.5,3.8,,5.444444444444445,4.516666666666667,6.08
1963-09-01,9.0,9.4,3.5,4.9,4.2,7.0,2.7,4.8,3.4,4.4,3.9,,5.422222222222222,4.449999999999999,6.1
1963-10-01,8.5,10.4,3.6,4.6,4.2,6.6,3.2,5.0,3.3,3.8,4.1,,5.455555555555556,4.483333333333333,6.08
1963-11-01,8.2,9.8,4.1,4.9,5.2,6.8,3.6,5.2,3.3,3.9,4.2,,5.577777777777778,4.766666666666667,6.119999999999999
1963-12-01,8.6,8.5,3.8,4.9,4.4,6.6,3.6,5.4,3.0,3.8,4.4,,5.366666666666667,4.633333333333333,5.84
1964-01-01,9.0,9.1,3.7,5.0,4.1,6.5,3.0,5.6,3.6,4.2,4.2,,5.477777777777778,4.6,6.08
1964-02-01,9.0,9.2,3.5,5.0,3.7,6.5,3.1,5.4,3.1,4.2,4.2,,5.377777777777778,4.433333333333334,6.0600000000000005
1964-03-01,8.0,9.6,3.5,5.0,3.5,6.9,3.2,5.2,3.4,4.1,4.2,,5.344444444444445,4.3,6.159999999999999
1964-04-01,7.9,9.4,3.5,4.9,3.4,6.6,3.0,5.3,3.4,4.3,4.0,,5.2555555555555555,4.2,6.1
1964-05-01,7.5,9.6,3.3,4.4,3.4,5.5,2.9,5.0,3.2,3.7,3.8,,4.955555555555555,4.016666666666667,5.64
1964-06-01,8.0,8.7,3.4,4.5,3.6,6.3,2.6,4.6,3.4,3.8,4.0,,5.0,4.166666666666667,5.58
1964-07-01,8.0,8.1,3.2,4.6,3.0,6.3,2.7,4.8,3.4,3.6,3.7,,4.844444444444445,3.9999999999999996,5.48
1964-08-01,7.9,8.1,3.1,4.4,3.1,6.3,2.6,4.5,3.2,4.0,3.9,,4.844444444444445,3.9666666666666663,5.46
1964-09-01,8.3,7.5,3.2,4.4,3.1,6.2,2.8,4.7,2.8,3.8,4.4,,4.844444444444445,4.1000000000000005,5.32
1964-10-01,8.9,8.0,3.2,4.4,3.4,5.8,3.0,4.7,2.8,4.2,4.0,,4.977777777777778,4.216666666666667,5.42
1964-11-01,7.3,8.2,3.0,4.5,3.4,6.1,2.8,5.0,2.8,3.9,3.3,,4.7555555555555555,3.766666666666667,5.539999999999999
1964-12-01,7.2,8.1,3.1,4.2,3.6,6.1,2.8,4.9,2.9,3.5,3.2,,4.7,3.7999999999999994,5.359999999999999
1965-01-01,7.5,7.2,3.1,4.1,3.3,6.2,2.9,4.6,2.9,3.2,3.4,,4.5777777777777775,3.849999999999999,5.0600000000000005
1965-02-01,7.1,8.1,3.2,4.6,3.4,6.6,2.8,5.1,2.9,3.4,3.4,,4.7555555555555555,3.7999999999999994,5.56
1965-03-01,6.6,8.0,3.0,4.2,3.0,6.3,2.8,4.3,2.7,3.5,3.5,,4.522222222222222,3.5999999999999996,5.26
1965-04-01,7.4,7.6,3.0,4.2,3.2,6.1,2.8,4.6,2.5,2.8,3.5,,4.5,3.733333333333334,5.0600000000000005
1965-05-01,6.8,7.9,2.9,3.8,2.9,4.9,3.4,4.5,2.6,3.1,3.1,,4.355555555555556,3.616666666666667,4.840000000000001
1965-06-01,6.6,7.7,2.6,4.3,2.5,5.6,2.6,5.0,2.2,3.5,3.4,,4.344444444444445,3.3166666666666664,5.220000000000001
1965-07-01,5.9,7.4,2.8,3.9,3.0,5.3,2.4,3.9,2.3,3.5,3.3,,4.111111111111111,3.283333333333333,4.8
1965-08-01,5.6,7.4,2.8,3.9,3.0,4.5,2.1,5.0,2.8,3.2,3.6,,4.133333333333334,3.3166666666666664,4.8
1965-09-01,5.9,5.5,2.7,3.8,3.0,5.3,2.2,4.6,2.2,3.2,3.3,,3.9111111111111114,3.216666666666667,4.48
1965-10-01,5.3,6.3,2.5,3.7,2.5,5.0,2.0,4.8,2.4,2.9,3.3,,3.8333333333333335,3.0,4.54
1965-11-01,5.4,7.9,2.5,3.7,2.6,4.8,2.1,4.4,2.1,3.2,3.1,,3.9555555555555557,2.966666666666667,4.800000000000001
1965-12-01,5.3,6.7,2.4,3.6,2.6,4.7,2.1,4.2,2.2,2.9,2.8,,3.7222222222222223,2.9,4.42
1966-01-01,4.4,7.0,2.5,3.4,2.8,4.6,2.2,3.6,2.0,3.0,2.9,,3.611111111111111,2.7999999999999994,4.32
1966-02-01,4.5,5.8,2.4,3.3,2.4,4.1,2.0,3.6,2.0,3.0,3.0,,3.3777777777777778,2.716666666666667,3.96
1966-03-01,5.2,5.8,2.3,3.3,2.8,4.4,1.8,3.6,1.8,3.0,2.9,,3.4777777777777774,2.8000000000000003,4.0200000000000005
1966-04-01,4.7,6.4,2.2,3.2,2.6,4.3,1.7,3.9,1.9,2.7,2.7,,3.433333333333333,2.6333333333333333,4.1
1966-05-01,4.8,6.6,2.1,3.5,2.2,5.0,1.8,3.7,1.8,3.2,2.9,,3.5555555555555554,2.6000000000000005,4.4
1966-06-01,4.7,6.6,2.2,3.3,2.4,4.7,1.9,3.5,2.0,2.9,2.6,,3.477777777777778,2.6333333333333333,4.199999999999999
1966-07-01,3.6,6.0,2.4,3.3,2.7,4.5,1.9,3.6,2.0,2.8,3.0,,3.3444444444444446,2.6,4.040000000000001
1966-08-01,4.6,6.4,2.3,3.4,2.3,4.8,2.1,3.8,1.9,2.9,2.8,,3.511111111111111,2.6666666666666665,4.26
1966-09-01,4.2,6.2,2.1,3.2,2.2,4.4,1.7,3.6,2.1,2.5,2.6,,3.2777777777777777,2.483333333333333,3.9800000000000004
1966-10-01,4.0,6.5,2.1,3.4,2.0,4.4,2.2,3.6,1.8,3.0,2.3,,3.3111111111111113,2.4000000000000004,4.180000000000001
1966-11-01,4.7,5.7,2.1,3.2,2.0,4.3,2.5,3.3,1.8,3.0,2.4,,3.2999999999999994,2.5833333333333335,3.9
1966-12-01,5.5,6.3,2.1,3.5,2.0,4.4,1.9,3.6,2.2,3.2,2.5,,3.511111111111111,2.6999999999999997,4.2
1967-01-01,4.6,7.6,2.1,3.9,2.2,5.3,1.7,4.0,2.0,3.1,2.6,,3.677777777777778,2.5333333333333328,4.78
1967-02-01,3.5,7.0,2.1,3.6,2.3,4.9,1.7,4.0,2.1,3.3,2.3,,3.4555555555555557,2.3333333333333335,4.5600000000000005
1967-03-01,4.4,7.0,2.1,3.8,2.3,4.8,1.6,4.4,2.1,3.2,2.5,,3.5888888888888886,2.5,4.64
1967-04-01,4.4,6.7,2.1,3.6,2.1,5.2,1.9,4.1,2.0,2.9,2.6,,3.544444444444445,2.5166666666666666,4.5
1967-05-01,4.8,6.4,2.1,3.6,2.2,5.1,1.6,3.9,2.0,3.0,2.6,,3.511111111111111,2.5500000000000003,4.4
1967-06-01,4.8,6.8,2.1,4.0,2.3,5.4,1.6,4.5,2.1,3.8,2.5,,3.755555555555555,2.5666666666666664,4.9
1967-07-01,4.8,7.5,2.0,3.5,2.3,5.3,1.6,4.0,1.8,3.0,2.3,,3.622222222222222,2.466666666666667,4.66
1967-08-01,5.0,6.0,2.0,3.5,2.0,5.3,1.7,3.7,2.0,2.5,2.6,,3.4222222222222225,2.55,4.2
1967-09-01,4.6,8.0,1.8,3.7,1.8,5.7,1.8,3.9,1.9,2.7,2.0,,3.6000000000000005,2.316666666666667,4.799999999999999
1967-10-01,4.5,7.4,2.0,4.0,2.1,5.8,1.8,4.4,1.8,3.2,2.4,,3.711111111111111,2.4333333333333336,4.96
1967-11-01,5.2,6.2,2.0,3.8,2.1,5.7,1.7,3.9,1.8,3.5,2.7,,3.644444444444445,2.5833333333333335,4.619999999999999
1967-12-01,5.3,7.1,2.0,3.6,2.0,5.9,1.8,3.9,1.7,2.9,2.5,,3.677777777777777,2.5500000000000003,4.68
1968-01-01,4.9,7.3,2.0,3.5,2.1,4.5,1.9,3.9,1.7,2.7,2.4,,3.4888888888888885,2.5,4.38
1968-02-01,5.3,7.3,2.0,3.5,2.1,5.4,1.8,3.8,1.9,2.4,2.3,,3.5888888888888886,2.566666666666667,4.48
1968-03-01,5.5,6.7,1.9,3.3,2.0,5.1,1.8,3.5,1.6,2.3,2.2,,3.4111111111111105,2.5,4.180000000000001
1968-04-01,5.2,5.9,1.8,3.2,1.9,4.3,1.7,3.5,1.6,3.1,1.9,,3.2333333333333334,2.35,4.000000000000001
1968-05-01,5.1,6.2,1.7,3.2,1.8,5.0,1.5,3.2,1.4,2.3,2.1,,3.177777777777778,2.2666666666666666,3.9800000000000004
1968-06-01,5.5,7.6,1.8,3.1,1.9,4.8,1.4,3.4,1.6,2.0,2.3,,3.3888888888888884,2.4166666666666665,4.18
1968-07-01,4.7,6.3,1.8,3.3,1.9,5.4,1.5,3.3,1.5,2.5,2.2,,3.2555555555555555,2.266666666666667,4.16
1968-08-01,5.5,6.7,1.7,3.1,2.0,4.6,1.5,3.2,1.5,2.5,2.0,,3.2777777777777772,2.3666666666666667,4.0200000000000005
1968-09-01,4.8,6.4,1.7,3.0,1.8,4.1,1.5,3.3,1.6,2.5,2.1,,3.122222222222222,2.25,3.8600000000000003
1968-10-01,5.0,6.6,1.7,3.0,1.9,4.5,1.4,2.9,1.5,2.2,1.9,,3.0999999999999996,2.2333333333333334,3.84
1968-11-01,4.8,6.7,1.7,3.0,1.7,4.2,1.6,3.3,1.7,2.3,2.0,,3.144444444444444,2.2499999999999996,3.9
1968-12-01,4.6,6.8,1.6,3.0,1.8,4.3,1.1,3.3,1.6,2.2,1.8,,3.055555555555556,2.0833333333333335,3.9200000000000004
1969-01-01,5.0,6.1,1.6,3.2,1.7,4.5,1.4,3.4,1.7,2.7,1.8,,3.1444444444444444,2.1999999999999997,3.9799999999999995
1969-02-01,4.8,6.3,1.6,3.2,1.7,4.4,1.3,3.4,1.5,2.5,1.8,,3.0777777777777775,2.1166666666666667,3.96
1969-03-01,4.7,6.3,1.6,3.1,1.8,4.5,1.3,3.3,1.5,2.4,1.8,,3.066666666666667,2.116666666666667,3.9199999999999995
1969-04-01,4.7,6.5,1.6,3.2,1.8,4.5,1.4,3.4,1.4,2.6,1.7,,3.111111111111111,2.1,4.04
1969-05-01,4.8,6.1,1.6,3.1,1.8,4.2,1.6,3.6,1.5,2.6,1.5,,3.0777777777777775,2.1333333333333333,3.9200000000000004
1969-06-01,5.1,6.2,1.6,3.4,1.8,5.3,1.6,3.4,1.2,2.7,1.8,,3.233333333333333,2.183333333333333,4.199999999999999
1969-07-01,5.2,6.2,1.7,3.1,1.9,4.6,1.5,3.4,1.6,2.3,2.0,,3.1888888888888887,2.316666666666667,3.9200000000000004
1969-08-01,4.7,6.3,1.7,3.3,1.9,4.7,1.3,3.9,1.5,2.4,2.1,,3.2000000000000006,2.2,4.119999999999999
1969-09-01,5.9,6.6,1.8,3.3,2.1,4.7,1.7,3.5,1.4,2.6,2.0,,3.388888888888889,2.4833333333333334,4.14
1969-10-01,5.6,6.5,1.8,3.3,2.0,4.7,1.6,3.1,1.6,2.7,2.2,,3.3333333333333335,2.4666666666666663,4.0600000000000005
1969-11-01,5.3,6.3,1.8,3.1,2.2,4.6,1.5,3.4,1.5,2.6,2.0,,3.2666666666666666,2.3833333333333333,4.0
1969-12-01,5.7,6.2,1.9,3.0,2.0,4.4,1.6,3.0,1.6,2.7,2.2,,3.266666666666667,2.5,3.8600000000000003
1970-01-01,6.1,6.7,2.1,3.1,2.6,4.4,1.8,3.1,1.7,2.8,2.1,,3.4777777777777783,2.733333333333333,4.0200000000000005
1970-02-01,7.0,7.8,2.3,3.4,2.7,4.8,2.0,3.6,1.9,2.9,2.4,,3.9000000000000004,3.0500000000000003,4.5
1970-03-01,6.7,7.2,2.4,4.0,2.7,5.1,2.1,4.4,2.0,3.7,2.8,,4.0777777777777775,3.1166666666666667,4.879999999999999
1970-04-01,7.5,7.4,2.6,3.7,3.2,5.3,2.1,3.9,2.2,3.1,2.7,,4.155555555555556,3.3833333333333333,4.680000000000001
1970-05-01,7.6,7.9,2.7,4.1,3.3,5.5,2.3,4.2,2.2,3.4,3.0,,4.377777777777777,3.516666666666667,5.02
1970-06-01,7.8,7.9,2.9,4.0,3.9,5.4,2.4,4.2,2.4,3.3,2.8,,4.455555555555555,3.6999999999999997,4.96
1970-07-01,8.9,8.0,2.9,4.2,3.5,6.5,2.5,4.1,2.9,3.6,2.9,,4.766666666666667,3.933333333333333,5.279999999999999
1970-08-01,8.8,8.0,3.0,4.1,3.7,6.0,2.6,4.3,2.6,3.7,3.0,,4.7444444444444445,3.9500000000000006,5.220000000000001
1970-09-01,10.1,8.4,3.0,4.4,3.4,6.1,2.6,4.5,2.7,3.6,3.2,,4.955555555555556,4.166666666666667,5.4
1970-10-01,10.3,7.7,3.2,4.5,4.0,6.0,2.8,5.2,2.7,3.7,3.1,,5.055555555555555,4.3500000000000005,5.42
1970-11-01,10.4,9.2,3.4,4.8,4.3,6.7,3.0,5.2,2.9,4.4,3.5,,5.511111111111111,4.583333333333333,6.06
1970-12-01,10.7,9.1,3.7,5.0,4.7,6.8,3.3,6.1,2.9,4.0,3.7,,5.699999999999999,4.833333333333333,6.2
1971-01-01,10.3,9.2,3.5,4.9,4.4,7.0,3.0,5.7,3.0,3.5,3.8,,5.544444444444443,4.666666666666667,6.0600000000000005
1971-02-01,10.1,9.8,3.5,4.9,4.1,7.4,3.0,5.3,2.9,3.8,3.8,,5.5777777777777775,4.566666666666666,6.24
1971-03-01,10.1,10.0,3.5,5.0,4.4,7.5,2.8,5.0,3.0,4.0,3.5,,5.588888888888889,4.55,6.3
1971-04-01,9.9,10.1,3.5,5.0,4.1,7.3,3.0,5.3,3.0,4.1,3.6,,5.6,4.516666666666667,6.359999999999999
1971-05-01,10.6,10.3,3.4,4.8,4.2,7.1,3.1,4.8,2.9,3.8,3.4,,5.577777777777778,4.6,6.160000000000001
1971-06-01,10.5,10.2,3.3,4.7,4.2,6.7,3.1,4.9,2.9,3.9,3.2,,5.511111111111112,4.533333333333333,6.08
1971-07-01,10.1,9.2,3.5,4.9,4.6,6.7,3.2,5.4,2.9,4.4,3.1,,5.511111111111111,4.566666666666666,6.12
1971-08-01,10.7,9.5,3.6,5.1,4.4,6.8,3.2,5.7,3.1,4.2,3.3,,5.655555555555555,4.716666666666667,6.26
1971-09-01,10.3,8.9,3.6,5.0,4.6,6.9,3.3,5.0,3.1,4.3,3.0,,5.48888888888889,4.65,6.0200000000000005
1971-10-01,9.9,8.9,3.5,4.9,4.6,6.8,3.2,5.5,3.0,3.9,2.9,,5.4111111111111105,4.516666666666667,6.0
1971-11-01,10.7,10.1,3.5,4.9,4.7,7.0,3.2,4.7,2.9,3.9,3.1,,5.5888888888888895,4.683333333333333,6.119999999999999
1971-12-01,10.4,9.3,3.5,4.9,4.3,7.1,3.2,5.0,3.3,3.8,3.0,,5.488888888888889,4.616666666666666,6.0200000000000005
1972-01-01,10.3,9.5,3.3,4.6,4.2,6.5,3.0,4.6,2.7,3.9,3.1,,5.311111111111112,4.433333333333334,5.82
1972-02-01,9.5,8.9,3.2,4.3,4.2,6.1,2.7,4.5,2.6,3.7,3.3,,5.055555555555555,4.25,5.499999999999999
1972-03-01,10.3,9.2,3.2,4.6,3.6,6.0,3.0,5.1,2.5,4.0,3.5,,5.2444444444444445,4.3500000000000005,5.779999999999999
1972-04-01,10.1,9.0,3.2,4.7,4.0,6.1,2.7,5.0,2.5,3.8,3.5,,5.188888888888889,4.333333333333333,5.72
1972-05-01,9.1,9.8,3.3,4.8,4.0,6.2,2.8,5.3,2.8,3.6,3.4,,5.222222222222221,4.233333333333333,5.94
1972-06-01,8.9,9.4,3.3,4.8,4.0,6.5,2.7,5.3,3.1,3.4,3.4,,5.188888888888888,4.233333333333333,5.88
1972-07-01,9.5,9.8,3.1,4.8,3.6,6.5,2.9,5.2,2.8,3.5,3.1,,5.211111111111111,4.166666666666667,5.96
1972-08-01,8.7,9.6,3.1,4.7,3.6,6.4,2.9,5.0,2.7,3.5,3.4,,5.088888888888889,4.0666666666666655,5.840000000000001
1972-09-01,8.7,9.7,3.1,4.6,3.7,6.5,2.7,5.0,2.5,3.4,3.3,,5.055555555555555,4.0,5.839999999999999
1972-10-01,9.3,9.9,3.2,4.6,3.6,6.4,2.7,4.8,2.6,3.6,3.5,,5.155555555555556,4.15,5.86
1972-11-01,8.6,8.7,2.8,4.3,3.3,5.8,2.6,4.4,2.4,3.6,2.6,,4.666666666666667,3.716666666666667,5.360000000000001
1972-12-01,8.3,8.7,2.7,4.2,3.4,5.9,2.0,4.5,2.3,3.3,2.9,,4.588888888888889,3.5999999999999996,5.319999999999999
1973-01-01,7.7,8.5,2.7,4.4,3.4,6.2,2.2,4.4,2.4,3.2,2.5,,4.5,3.483333333333333,5.34
1973-02-01,7.7,8.3,2.7,4.2,3.4,5.6,2.2,4.0,2.5,3.4,2.3,,4.377777777777777,3.466666666666667,5.1
1973-03-01,7.4,8.4,2.7,4.1,3.5,5.6,2.3,3.9,2.3,3.2,2.3,,4.322222222222221,3.4166666666666674,5.04
1973-04-01,7.7,8.5,2.6,4.0,3.4,5.7,2.2,3.7,2.4,3.6,2.4,,4.3999999999999995,3.4499999999999997,5.1
1973-05-01,7.5,8.2,2.6,3.8,3.6,6.0,2.0,3.8,2.1,2.5,2.6,,4.2555555555555555,3.4000000000000004,4.86
1973-06-01,7.6,8.5,2.5,4.2,3.3,6.6,2.0,3.7,2.0,3.2,2.7,,4.4,3.3499999999999996,5.239999999999999
1973-07-01,7.2,9.3,2.5,4.0,3.3,5.7,1.8,3.7,1.8,3.1,2.8,,4.3,3.233333333333334,5.16
1973-08-01,7.3,8.6,2.5,4.1,3.5,6.1,1.8,3.9,1.9,3.1,2.6,,4.311111111111112,3.266666666666667,5.159999999999999
1973-09-01,7.3,9.1,2.5,4.0,3.4,5.4,1.8,4.2,1.6,3.1,2.7,,4.288888888888889,3.216666666666667,5.16
1973-10-01,6.7,7.5,2.4,3.8,3.2,5.4,1.7,3.7,1.7,3.3,2.8,,4.0,3.0833333333333335,4.74
1973-11-01,6.9,7.9,2.4,4.1,3.0,6.0,1.9,4.0,2.0,3.1,2.7,,4.166666666666667,3.1500000000000004,5.0200000000000005
1973-12-01,7.0,8.5,2.5,4.2,3.2,5.9,2.3,3.8,2.0,3.7,2.4,,4.311111111111112,3.233333333333333,5.220000000000001
1974-01-01,7.8,9.0,2.7,4.2,3.4,5.9,2.2,3.9,2.1,3.4,2.7,,4.48888888888889,3.483333333333334,5.279999999999999
1974-02-01,8.2,8.7,2.7,4.2,3.4,6.0,2.2,4.2,2.2,3.5,2.9,,4.588888888888889,3.5999999999999996,5.319999999999999
1974-03-01,7.7,8.3,2.6,4.2,3.5,5.8,2.0,4.2,2.3,3.2,2.3,,4.366666666666666,3.4000000000000004,5.14
1974-04-01,7.7,8.4,2.9,4.1,4.1,5.7,2.2,4.4,2.2,3.2,2.4,,4.477777777777778,3.5833333333333326,5.16
1974-05-01,8.1,9.1,2.6,4.2,3.6,5.3,2.2,4.7,2.0,3.3,2.3,,4.51111111111111,3.466666666666667,5.32
1974-06-01,8.3,9.3,2.7,4.2,3.7,5.4,2.3,4.5,2.1,3.4,2.5,,4.611111111111111,3.6,5.359999999999999
1974-07-01,8.4,9.7,2.8,4.4,3.7,6.1,2.4,4.3,2.3,3.2,2.7,,4.755555555555556,3.7166666666666663,5.54
1974-08-01,9.4,10.0,3.0,4.3,3.8,6.0,2.5,4.6,2.2,3.1,3.2,,4.977777777777778,4.016666666666667,5.6
1974-09-01,9.2,10.2,3.1,4.9,3.7,6.5,2.9,4.7,2.5,4.1,2.8,,5.177777777777777,4.033333333333333,6.08
1974-10-01,9.5,9.1,3.5,4.9,4.7,6.6,3.0,4.6,2.6,4.0,2.8,,5.211111111111111,4.3500000000000005,5.840000000000001
1974-11-01,10.5,10.5,3.6,5.8,4.8,7.6,3.3,5.5,3.0,5.0,2.8,,5.888888888888889,4.666666666666667,6.88
1974-12-01,11.3,11.9,4.2,5.9,5.8,7.6,3.8,5.8,3.3,5.2,3.5,,6.466666666666667,5.316666666666667,7.279999999999999
1975-01-01,12.5,11.9,4.9,7.0,6.2,9.2,4.4,7.2,4.3,5.8,4.0,,7.277777777777778,6.05,8.219999999999999
1975-02-01,13.3,12.8,5.0,6.8,6.6,8.7,4.5,6.9,4.0,5.8,4.2,,7.422222222222222,6.266666666666667,8.2
1975-03-01,14.4,13.1,5.4,7.2,7.0,9.4,5.0,7.0,4.3,6.3,4.4,,7.877777777777778,6.75,8.6
1975-04-01,15.5,13.0,5.6,7.5,7.3,9.7,5.3,7.8,4.5,6.3,4.8,,8.244444444444445,7.166666666666667,8.86
1975-05-01,15.4,14.0,5.8,7.5,7.4,10.0,5.5,6.9,5.2,6.6,4.7,,8.411111111111111,7.333333333333335,9.0
1975-06-01,14.3,12.2,5.8,7.4,7.6,9.9,5.1,7.0,5.2,6.3,4.6,,8.02222222222222,7.100000000000001,8.559999999999999
1975-07-01,15.0,12.7,5.7,7.1,7.3,9.4,4.9,6.0,5.2,6.0,4.6,,7.8999999999999995,7.116666666666667,8.239999999999998
1975-08-01,14.4,12.3,5.4,6.8,6.8,9.0,4.9,6.6,5.3,5.7,4.5,,7.722222222222222,6.883333333333333,8.080000000000002
1975-09-01,15.3,12.3,5.7,6.7,7.2,8.7,4.7,6.7,5.4,5.6,4.5,,7.822222222222223,7.133333333333333,8.0
1975-10-01,14.6,12.5,5.7,6.8,6.9,8.8,4.8,6.9,5.6,5.4,4.7,,7.800000000000001,7.050000000000001,8.08
1975-11-01,14.1,12.9,5.4,6.6,6.9,8.4,4.9,6.5,4.7,5.5,4.7,,7.622222222222222,6.783333333333334,7.9799999999999995
1975-12-01,13.2,12.6,5.2,6.7,6.6,8.5,4.6,6.5,4.6,5.6,4.8,,7.444444444444445,6.5,7.9799999999999995
1976-01-01,12.7,12.6,4.9,6.5,6.2,8.5,4.2,6.1,4.0,5.2,4.3,,7.088888888888889,6.05,7.780000000000001
1976-02-01,11.9,12.0,4.7,6.5,6.2,8.6,4.2,6.2,3.6,5.4,4.5,,6.955555555555556,5.8500000000000005,7.74
1976-03-01,12.0,11.9,4.7,6.3,5.8,8.2,3.8,6.1,3.9,5.0,4.7,,6.822222222222222,5.816666666666666,7.5
1976-04-01,11.7,12.3,4.7,6.2,5.9,7.8,3.9,6.4,3.9,5.0,4.4,,6.811111111111112,5.749999999999999,7.540000000000001
1976-05-01,11.6,11.4,4.5,6.1,6.0,8.1,3.6,6.0,3.7,4.9,4.4,,6.633333333333334,5.633333333333334,7.3
1976-06-01,12.3,11.5,5.0,6.2,6.3,8.4,4.1,5.9,4.0,4.7,4.8,,6.888888888888889,6.083333333333333,7.340000000000001
1976-07-01,12.0,11.0,5.0,7.0,6.4,8.6,4.4,6.3,4.2,5.7,4.2,,6.977777777777778,6.033333333333332,7.720000000000001
1976-08-01,11.9,12.2,4.8,6.5,6.2,8.7,4.3,6.0,3.8,5.2,4.6,,6.988888888888889,5.933333333333334,7.720000000000001
1976-09-01,11.6,11.7,5.0,6.6,6.3,8.8,4.5,6.1,4.0,5.2,4.5,,6.966666666666666,5.983333333333334,7.68
1976-10-01,12.5,12.2,4.8,6.4,6.3,8.6,4.2,6.1,3.8,5.2,4.3,,7.022222222222221,5.983333333333333,7.700000000000001
1976-11-01,12.3,12.3,5.0,6.3,6.5,8.3,4.1,5.9,4.3,5.2,4.4,,7.033333333333334,6.099999999999999,7.600000000000001
1976-12-01,12.5,11.6,4.9,6.3,6.3,8.4,4.0,6.2,4.6,5.1,3.9,,6.955555555555555,6.033333333333332,7.5200000000000005
1977-01-01,11.2,11.6,4.7,6.1,6.1,8.0,3.8,5.5,4.0,5.1,4.2,,6.611111111111111,5.666666666666667,7.26
1977-02-01,12.0,12.1,4.8,6.2,6.1,8.2,4.0,6.0,3.9,4.9,4.6,,6.866666666666667,5.8999999999999995,7.4799999999999995
1977-03-01,11.1,11.6,4.5,6.4,5.8,8.2,3.9,5.9,3.5,5.8,4.2,,6.666666666666668,5.5,7.58
1977-04-01,11.1,11.0,4.3,6.2,5.8,8.3,3.4,5.6,3.4,5.1,3.8,,6.388888888888889,5.3,7.24
1977-05-01,11.0,11.1,4.2,5.8,5.7,7.3,3.6,5.7,3.3,5.0,3.8,,6.277777777777778,5.266666666666667,6.9799999999999995
1977-06-01,10.8,11.1,4.2,6.2,5.6,7.7,3.6,5.9,3.2,5.4,3.3,,6.288888888888889,5.116666666666667,7.26
1977-07-01,10.6,10.9,4.1,6.0,5.8,7.4,3.5,5.9,2.7,4.8,3.5,,6.122222222222223,5.033333333333333,6.999999999999998
1977-08-01,11.3,11.2,4.0,6.0,5.6,7.4,3.2,5.9,2.9,5.3,3.4,,6.244444444444444,5.0666666666666655,7.159999999999999
1977-09-01,10.5,10.9,3.8,6.0,5.3,7.5,2.9,6.0,2.5,5.2,3.8,,6.066666666666666,4.8,7.12
1977-10-01,9.9,11.0,4.2,5.7,5.8,7.4,3.3,5.5,2.8,4.6,4.2,,6.055555555555555,5.033333333333334,6.840000000000001
1977-11-01,9.9,11.1,3.8,6.0,5.2,7.5,3.2,5.8,2.6,5.0,3.8,,6.011111111111111,4.75,7.080000000000001
1977-12-01,9.7,10.6,3.7,5.6,4.9,7.4,2.8,5.3,2.8,4.4,3.8,,5.744444444444444,4.616666666666666,6.660000000000001
1978-01-01,10.4,10.8,3.6,5.3,4.9,6.8,2.8,5.4,2.8,4.3,3.3,,5.722222222222222,4.633333333333334,6.5200000000000005
1978-02-01,10.3,10.3,3.6,4.9,4.6,6.2,2.8,5.0,2.9,4.0,3.3,,5.488888888888889,4.583333333333333,6.08
1978-03-01,10.1,10.5,3.6,4.9,4.6,6.9,3.1,4.8,2.8,3.7,3.2,,5.522222222222222,4.566666666666666,6.16
1978-04-01,9.5,10.7,3.4,4.9,4.4,6.8,2.8,4.4,2.4,4.0,3.3,,5.366666666666666,4.3,6.159999999999999
1978-05-01,8.3,10.2,3.4,5.2,4.3,6.9,3.0,5.4,2.9,4.3,3.2,,5.388888888888889,4.183333333333333,6.3999999999999995
1978-06-01,8.7,10.2,3.2,5.1,3.8,6.7,2.9,5.0,2.6,4.3,3.0,,5.2444444444444445,4.033333333333333,6.26
1978-07-01,9.0,11.0,3.2,5.4,4.0,7.1,2.7,5.2,2.6,4.6,3.2,,5.48888888888889,4.116666666666666,6.659999999999999
1978-08-01,8.8,9.6,3.3,5.2,4.3,7.0,2.9,5.0,2.6,4.0,2.7,,5.211111111111112,4.1000000000000005,6.16
1978-09-01,8.8,10.1,3.3,5.0,4.1,6.8,2.6,4.8,3.1,3.8,2.9,,5.222222222222221,4.133333333333334,6.1
1978-10-01,8.5,8.8,3.3,4.8,4.3,6.1,2.7,4.8,2.8,4.0,3.0,,5.0,4.1000000000000005,5.700000000000001
1978-11-01,8.7,9.8,3.1,5.0,4.2,6.6,2.5,4.9,2.6,3.6,2.7,,5.066666666666667,3.966666666666667,5.9799999999999995
1978-12-01,9.0,9.5,3.3,5.0,4.5,6.7,2.8,4.9,2.7,4.0,2.8,,5.211111111111111,4.183333333333334,6.0200000000000005
1979-01-01,8.5,9.2,3.3,5.0,4.3,7.0,2.9,5.0,2.7,3.6,2.8,,5.111111111111111,4.083333333333333,5.96
1979-02-01,8.5,9.5,3.3,5.1,4.4,6.9,2.6,4.7,2.8,4.0,2.9,,5.144444444444445,4.083333333333334,6.04
1979-03-01,8.5,9.6,3.3,5.0,4.5,6.6,2.6,4.6,2.7,4.1,2.9,,5.122222222222223,4.083333333333333,5.9799999999999995
1979-04-01,8.1,9.4,3.3,4.9,4.2,6.4,2.8,4.4,2.9,4.3,2.9,,5.044444444444444,4.033333333333332,5.880000000000001
1979-05-01,8.3,9.6,3.0,4.7,3.9,6.2,2.5,4.6,2.5,3.9,2.8,,4.922222222222222,3.833333333333334,5.8
1979-06-01,8.4,9.5,3.1,4.8,3.8,6.6,2.6,4.6,2.8,3.7,2.9,,4.988888888888889,3.9333333333333336,5.84
1979-07-01,9.0,9.3,3.3,4.7,4.1,6.3,2.7,4.2,2.7,3.7,3.1,,5.011111111111111,4.1499999999999995,5.64
1979-08-01,8.9,10.4,3.4,5.0,4.5,6.5,2.9,5.0,2.7,3.8,2.9,,5.288888888888889,4.216666666666666,6.14
1979-09-01,9.0,9.8,3.3,4.7,4.1,6.2,3.2,4.6,2.7,3.9,2.9,,5.155555555555555,4.199999999999999,5.839999999999999
1979-10-01,9.3,9.6,3.4,4.9,4.2,6.4,3.1,4.6,3.1,3.8,2.9,,5.222222222222222,4.333333333333334,5.86
1979-11-01,8.5,9.5,3.6,4.8,4.8,6.4,3.3,4.3,2.7,3.9,2.8,,5.133333333333333,4.283333333333333,5.78
1979-12-01,9.9,10.1,3.4,4.7,4.5,6.2,3.1,4.6,2.5,4.0,2.7,,5.288888888888889,4.3500000000000005,5.92
1980-01-01,10.5,9.9,3.8,5.0,5.1,6.3,3.3,4.7,2.8,4.2,3.3,,5.566666666666666,4.8,6.02
1980-02-01,10.4,9.5,3.8,5.1,5.0,6.8,3.5,4.8,2.9,4.2,2.8,,5.544444444444444,4.733333333333333,6.08
1980-03-01,10.6,9.2,4.1,5.0,5.8,6.8,3.5,4.9,3.1,4.1,2.9,,5.655555555555555,5.0,6.0
1980-04-01,12.2,10.1,4.7,5.4,6.8,7.2,3.8,5.1,3.4,4.5,3.3,,6.266666666666666,5.699999999999999,6.459999999999999
1980-05-01,13.5,11.2,5.0,5.4,7.2,7.3,4.4,5.3,3.6,4.4,3.4,,6.7,6.183333333333334,6.720000000000001
1980-06-01,13.6,10.6,5.2,5.6,7.3,7.5,4.4,5.3,3.8,4.7,3.5,,6.7444444444444445,6.3,6.74
1980-07-01,13.6,11.0,5.5,5.7,7.7,7.4,4.8,5.8,4.2,4.7,3.7,,6.98888888888889,6.583333333333335,6.92
1980-08-01,13.8,10.4,5.4,5.8,7.5,7.6,4.9,5.9,4.1,4.9,3.7,,6.977777777777779,6.566666666666667,6.919999999999999
1980-09-01,13.6,10.5,5.4,5.4,8.0,7.1,4.5,5.2,3.9,4.7,3.6,,6.788888888888889,6.5,6.58
1980-10-01,13.7,10.6,5.0,5.9,7.3,7.7,4.2,5.7,3.7,5.0,3.2,,6.788888888888889,6.183333333333334,6.9799999999999995
1980-11-01,13.1,10.9,5.0,5.7,7.0,7.4,3.9,5.5,4.4,4.7,3.3,,6.688888888888888,6.116666666666666,6.840000000000001
1980-12-01,12.2,10.7,4.8,5.8,6.6,7.7,4.2,5.6,3.9,4.3,3.2,,6.48888888888889,5.816666666666666,6.8199999999999985
1981-01-01,12.8,10.9,4.9,5.8,6.7,7.9,4.2,5.7,3.9,4.4,3.4,,6.655555555555556,5.983333333333333,6.94
1981-02-01,12.8,10.7,5.0,5.7,6.6,7.5,4.6,5.3,3.7,4.7,3.4,,6.588888888888889,6.016666666666667,6.779999999999999
1981-03-01,12.9,10.4,4.8,5.8,6.5,7.4,4.6,5.5,3.7,4.4,3.3,,6.522222222222222,5.966666666666666,6.7
1981-04-01,12.9,10.8,4.6,5.6,6.3,7.4,4.5,5.6,3.2,4.1,3.1,,6.433333333333334,5.766666666666667,6.7
1981-05-01,14.1,11.3,4.8,5.7,6.7,8.2,3.9,5.3,3.7,4.3,3.4,,6.766666666666667,6.099999999999999,6.959999999999999
1981-06-01,13.0,11.3,5.0,5.7,6.7,7.4,4.2,5.6,4.0,4.4,3.4,,6.666666666666668,6.05,6.88
1981-07-01,11.8,11.4,4.8,5.7,6.4,7.7,4.0,5.3,4.0,4.5,3.6,,6.522222222222223,5.766666666666667,6.92
1981-08-01,13.0,11.0,4.9,5.6,6.8,7.5,4.0,5.4,4.3,4.5,3.4,,6.655555555555555,6.066666666666666,6.8
1981-09-01,13.1,11.5,5.0,6.0,6.9,7.7,4.4,5.9,3.9,4.4,3.5,,6.811111111111112,6.133333333333333,7.1
1981-10-01,13.7,11.4,5.4,6.2,7.5,7.9,4.8,6.0,4.1,4.8,3.6,,7.0888888888888895,6.516666666666667,7.26
1981-11-01,14.2,11.2,5.7,6.4,7.9,8.2,5.2,6.3,4.2,5.1,3.6,,7.322222222222221,6.800000000000001,7.44
1981-12-01,14.6,12.2,6.3,6.4,8.5,8.2,5.8,6.3,4.6,5.2,4.3,,7.7444444444444445,7.349999999999999,7.660000000000001
1982-01-01,14.9,11.9,6.3,6.3,8.4,8.1,5.9,6.2,4.8,5.2,4.3,,7.7444444444444445,7.433333333333333,7.540000000000001
1982-02-01,15.3,12.5,6.4,6.6,8.6,8.1,5.7,6.8,4.8,5.6,4.4,,7.977777777777779,7.533333333333334,7.92
1982-03-01,15.7,12.5,6.7,6.9,9.0,8.7,6.1,6.6,5.0,6.1,4.7,,8.266666666666666,7.866666666666667,8.16
1982-04-01,15.9,13.0,6.9,7.1,9.5,9.1,6.0,6.8,5.0,5.7,5.0,,8.444444444444445,8.049999999999999,8.34
1982-05-01,15.5,12.8,7.0,7.2,9.5,9.4,6.5,6.9,5.4,5.8,4.8,,8.511111111111113,8.116666666666665,8.419999999999998
1982-06-01,16.0,13.1,7.5,7.1,10.4,9.4,6.7,6.5,5.3,5.0,5.1,,8.61111111111111,8.5,8.22
1982-07-01,16.2,13.2,7.6,7.3,10.5,9.6,6.8,6.7,5.8,5.7,5.0,,8.833333333333334,8.649999999999999,8.500000000000002
1982-08-01,16.5,13.6,7.7,7.0,10.4,9.3,7.1,6.8,5.8,5.6,5.5,,8.955555555555556,8.833333333333334,8.46
1982-09-01,17.3,13.0,8.2,7.4,11.2,9.8,7.4,6.8,6.5,6.1,5.3,,9.266666666666666,9.316666666666666,8.620000000000001
1982-10-01,17.5,13.8,8.5,7.6,11.3,9.9,7.9,7.3,6.5,6.3,5.8,,9.588888888888889,9.583333333333332,8.979999999999999
1982-11-01,18.1,14.3,8.6,8.1,11.2,10.1,8.3,7.9,6.6,6.6,5.8,,9.877777777777778,9.766666666666667,9.4
1982-12-01,17.9,14.4,8.7,8.4,11.5,10.3,8.4,8.5,6.3,6.5,6.0,,9.977777777777778,9.799999999999999,9.620000000000001
1983-01-01,17.7,14.2,8.2,8.0,10.8,10.3,7.8,7.8,6.4,6.5,5.9,,9.711111111111112,9.466666666666667,9.36
1983-02-01,17.7,14.4,8.5,7.8,11.1,9.8,7.7,7.8,7.0,6.1,5.9,,9.722222222222221,9.65,9.18
1983-03-01,16.8,14.2,8.4,7.7,11.5,9.8,7.4,7.6,6.6,6.3,5.8,,9.555555555555554,9.416666666666666,9.12
1983-04-01,17.0,13.4,8.4,7.4,10.9,9.2,7.6,7.1,6.9,6.6,6.4,,9.455555555555556,9.533333333333333,8.74
1983-05-01,16.9,13.1,8.3,7.5,10.7,9.3,7.8,7.5,6.8,6.7,6.0,,9.422222222222222,9.416666666666666,8.820000000000002
1983-06-01,15.8,13.1,7.9,7.9,10.4,9.7,7.4,7.5,6.3,6.5,5.6,,9.144444444444444,8.9,8.940000000000001
1983-07-01,15.5,11.7,7.6,7.1,9.8,8.8,7.2,7.1,6.1,5.8,5.5,,8.61111111111111,8.616666666666669,8.099999999999998
1983-08-01,15.8,12.7,7.6,6.9,9.9,8.7,6.9,6.4,6.2,6.1,5.4,,8.677777777777779,8.633333333333333,8.16
1983-09-01,15.0,12.5,7.5,6.8,9.7,8.7,7.0,6.4,5.9,5.6,5.3,,8.455555555555556,8.4,8.0
1983-10-01,14.9,12.2,7.0,6.5,9.0,8.5,6.5,6.0,5.8,5.5,5.0,,8.155555555555557,8.033333333333333,7.74
1983-11-01,13.8,12.0,6.7,6.3,8.7,8.3,6.0,5.7,5.5,4.9,5.1,,7.777777777777778,7.633333333333334,7.44
1983-12-01,13.3,11.4,6.5,6.6,8.2,8.4,5.6,5.9,5.6,5.4,5.2,,7.666666666666667,7.400000000000001,7.539999999999999
1984-01-01,13.2,11.7,6.2,6.2,8.2,7.8,5.4,5.6,4.9,5.4,4.9,,7.455555555555557,7.133333333333333,7.339999999999999
1984-02-01,12.2,11.1,6.1,6.1,8.0,7.8,5.4,5.6,4.8,5.1,4.6,,7.177777777777777,6.849999999999999,7.140000000000001
1984-03-01,12.1,11.3,5.9,6.0,7.6,8.1,5.2,5.5,4.8,4.8,4.7,,7.122222222222222,6.716666666666668,7.139999999999999
1984-04-01,12.6,11.5,5.9,6.0,7.5,7.7,5.6,5.6,4.6,5.0,4.6,,7.188888888888887,6.800000000000001,7.159999999999999
1984-05-01,10.9,11.3,5.7,5.8,7.1,7.3,5.3,5.3,4.8,5.2,4.7,,6.877777777777778,6.416666666666668,6.980000000000001
1984-06-01,11.3,10.0,5.4,5.8,6.8,7.1,5.3,5.2,4.0,5.0,4.4,,6.566666666666666,6.2,6.619999999999999
1984-07-01,11.5,10.8,5.6,6.0,7.2,7.5,5.3,5.5,4.3,5.9,4.6,,6.955555555555556,6.416666666666667,7.140000000000001
1984-08-01,12.4,11.2,5.5,6.0,6.6,7.4,5.5,5.8,4.2,5.4,4.7,,7.022222222222222,6.483333333333334,7.160000000000001
1984-09-01,12.4,10.3,5.5,5.8,6.3,7.1,5.4,5.7,4.6,5.3,4.7,,6.866666666666667,6.483333333333334,6.840000000000001
1984-10-01,11.2,11.0,5.4,6.1,6.6,7.2,5.1,5.8,4.5,5.4,4.5,,6.811111111111111,6.216666666666668,7.1
1984-11-01,11.1,10.7,5.4,5.9,6.7,7.0,4.6,5.5,4.6,5.2,4.6,,6.666666666666667,6.166666666666667,6.860000000000001
1984-12-01,11.6,10.5,5.5,5.8,6.9,6.9,4.4,5.9,4.9,5.1,4.4,,6.733333333333333,6.283333333333332,6.840000000000001
1985-01-01,11.5,10.5,5.5,6.0,6.9,7.5,5.0,5.8,4.9,4.9,4.4,,6.822222222222222,6.366666666666666,6.94
1985-02-01,11.8,10.7,5.3,5.9,6.7,7.4,4.9,5.5,4.6,5.0,4.1,,6.7444444444444445,6.233333333333334,6.9
1985-03-01,11.8,10.6,5.3,6.0,6.5,7.3,4.9,5.7,4.7,5.4,3.8,,6.7444444444444445,6.166666666666667,7.0
1985-04-01,11.3,10.7,5.6,6.0,7.0,7.6,5.0,5.4,5.0,5.3,4.1,,6.822222222222223,6.333333333333333,6.999999999999998
1985-05-01,11.7,10.6,5.1,6.1,6.4,7.7,4.7,5.7,4.0,4.8,4.1,,6.633333333333334,5.999999999999999,6.9799999999999995
1985-06-01,11.7,10.4,5.5,6.0,6.6,7.6,5.4,5.8,4.6,4.7,4.4,,6.8,6.366666666666666,6.9
1985-07-01,11.5,10.6,5.4,5.9,6.5,7.5,4.9,5.6,4.8,4.8,4.7,,6.7666666666666675,6.3,6.88
1985-08-01,11.1,10.9,5.3,5.9,6.6,7.4,4.7,5.7,4.9,4.2,3.9,,6.6,6.083333333333333,6.82
1985-09-01,11.0,10.9,5.4,5.9,6.8,7.5,4.7,5.5,4.6,4.8,4.0,,6.644444444444444,6.083333333333333,6.92
1985-10-01,11.3,10.8,5.2,5.6,6.5,7.4,4.5,5.1,4.8,4.3,4.1,,6.533333333333334,6.066666666666666,6.639999999999999
1985-11-01,11.2,10.9,5.2,5.6,6.4,7.4,4.8,5.0,4.4,4.0,3.9,,6.4444444444444455,5.983333333333333,6.58
1985-12-01,10.7,10.7,5.2,5.5,6.4,7.1,5.0,4.9,4.4,4.9,3.9,,6.444444444444445,5.933333333333333,6.619999999999999
1986-01-01,10.5,10.4,5.0,5.3,6.0,6.8,4.9,4.5,4.4,4.8,3.9,,6.2444444444444445,5.783333333333332,6.36
1986-02-01,10.7,11.2,5.4,5.8,6.6,7.6,5.5,5.0,4.3,4.5,4.3,,6.633333333333332,6.133333333333333,6.82
1986-03-01,11.2,10.1,5.4,5.9,6.5,7.6,5.1,5.4,4.5,4.7,4.2,,6.588888888888889,6.150000000000001,6.74
1986-04-01,11.6,10.0,5.3,5.8,6.7,7.5,4.8,5.7,4.5,4.4,4.0,,6.5777777777777775,6.1499999999999995,6.68
1986-05-01,11.6,10.7,5.4,5.7,6.9,7.3,5.0,5.5,4.7,4.7,3.8,,6.688888888888888,6.233333333333333,6.779999999999999
1986-06-01,10.9,10.3,5.5,5.7,6.7,7.4,5.2,5.3,4.7,5.2,4.1,,6.644444444444445,6.183333333333334,6.779999999999999
1986-07-01,11.1,10.2,5.5,5.4,7.1,7.1,5.0,4.9,4.6,4.5,4.1,,6.511111111111111,6.233333333333334,6.42
1986-08-01,10.6,10.4,5.4,5.4,6.4,7.3,5.1,4.7,4.3,4.6,4.2,,6.400000000000001,6.0,6.4799999999999995
1986-09-01,12.0,10.2,5.4,5.4,6.8,7.2,5.0,4.7,4.3,4.5,4.3,,6.555555555555555,6.3,6.4
1986-10-01,10.6,10.7,5.6,5.4,7.0,7.0,5.2,4.8,4.1,4.5,4.5,,6.488888888888889,6.166666666666667,6.480000000000001
1986-11-01,10.7,9.4,5.4,5.4,6.8,7.2,5.2,5.0,4.3,4.0,4.0,,6.288888888888889,6.066666666666666,6.2
1986-12-01,11.1,10.2,5.2,5.0,6.6,6.8,4.8,4.6,4.1,4.0,3.8,,6.222222222222221,5.933333333333333,6.12
1987-01-01,10.6,10.5,5.2,5.0,6.9,6.8,4.9,4.7,4.1,3.9,3.5,,6.211111111111111,5.866666666666667,6.18
1987-02-01,11.0,10.1,5.0,5.0,6.4,6.7,4.7,4.8,4.6,4.1,3.3,,6.188888888888889,5.833333333333332,6.140000000000001
1987-03-01,10.3,10.1,5.0,5.1,6.2,6.6,4.7,5.1,4.6,3.7,3.6,,6.1000000000000005,5.733333333333333,6.119999999999999
1987-04-01,10.3,9.8,4.9,4.8,6.0,6.5,4.4,4.5,4.5,3.5,3.8,,5.922222222222222,5.6499999999999995,5.82
1987-05-01,10.1,9.6,4.9,4.7,6.0,6.3,4.5,4.4,4.2,3.6,3.8,,5.833333333333333,5.583333333333333,5.720000000000001
1987-06-01,10.6,9.4,4.9,4.6,6.0,5.9,4.3,4.5,4.5,3.5,3.5,,5.800000000000001,5.633333333333333,5.58
1987-07-01,10.1,9.3,4.7,4.6,5.7,6.1,4.6,4.5,4.3,3.6,3.5,,5.7444444444444445,5.483333333333334,5.62
1987-08-01,9.5,9.2,4.7,4.7,5.7,5.9,4.3,4.5,4.1,3.9,3.5,,5.622222222222223,5.3,5.639999999999999
1987-09-01,9.2,9.7,4.5,4.7,5.4,5.9,4.2,4.7,4.1,3.1,3.3,,5.51111111111111,5.116666666666666,5.619999999999999
1987-10-01,9.0,8.6,4.6,4.7,5.6,5.5,4.5,4.7,4.0,4.2,3.3,,5.488888888888889,5.166666666666667,5.54
1987-11-01,9.1,8.4,4.4,4.6,5.5,5.8,4.0,4.3,3.7,3.9,3.5,,5.355555555555556,5.033333333333333,5.4
1987-12-01,8.7,8.4,4.3,4.6,5.6,6.0,4.0,4.4,3.5,3.4,3.1,,5.233333333333333,4.866666666666667,5.359999999999999
1988-01-01,9.7,8.2,4.3,4.6,5.4,5.9,3.9,4.6,3.5,3.4,3.8,,5.377777777777777,5.1,5.339999999999999
1988-02-01,9.1,8.7,4.3,4.6,5.2,5.8,4.0,4.7,3.7,3.6,3.3,,5.344444444444444,4.933333333333333,5.4799999999999995
1988-03-01,9.2,9.2,4.3,4.2,5.5,5.6,4.0,4.2,3.3,3.0,3.5,,5.277777777777778,4.966666666666667,5.24
1988-04-01,8.9,8.4,4.0,4.3,5.1,5.5,3.9,3.9,3.1,3.8,3.2,,5.088888888888889,4.7,5.18
1988-05-01,9.2,8.8,4.3,4.3,5.3,5.3,4.2,4.2,3.2,3.6,3.5,,5.255555555555556,4.95,5.24
1988-06-01,8.3,8.5,4.2,4.3,5.4,5.7,3.5,4.0,3.3,3.2,3.2,,5.011111111111112,4.6499999999999995,5.14
1988-07-01,8.6,8.6,4.0,4.4,5.0,5.6,3.7,4.1,3.4,3.6,3.1,,5.0777777777777775,4.633333333333334,5.260000000000001
1988-08-01,8.9,8.0,4.4,4.3,5.5,5.7,4.0,4.1,3.4,3.4,3.4,,5.155555555555555,4.933333333333333,5.1
1988-09-01,8.2,8.1,4.1,4.4,5.2,5.8,3.6,3.8,3.6,3.6,2.9,,4.977777777777778,4.6000000000000005,5.140000000000001
1988-10-01,9.0,7.8,4.1,4.2,5.1,5.8,3.7,3.9,3.4,3.2,3.1,,5.0,4.733333333333333,4.9799999999999995
1988-11-01,8.7,8.4,4.2,4.2,5.6,5.6,3.7,3.9,3.6,3.4,3.2,,5.122222222222223,4.833333333333333,5.1
1988-12-01,8.7,8.6,4.1,4.0,4.9,5.4,3.8,3.8,3.9,3.1,3.3,,5.0555555555555545,4.783333333333333,4.98
1989-01-01,9.3,9.0,4.0,4.1,4.7,5.3,3.9,3.7,3.7,3.3,3.0,,5.1,4.766666666666667,5.08
1989-02-01,8.3,8.2,3.9,4.0,4.8,5.3,3.8,3.8,3.3,3.0,3.3,,4.866666666666666,4.566666666666667,4.86
1989-03-01,7.4,8.6,3.8,4.0,4.7,5.4,3.7,3.6,3.1,3.5,2.9,,4.766666666666667,4.266666666666667,5.0200000000000005
1989-04-01,8.2,8.7,4.1,4.1,5.2,5.5,3.9,3.7,3.3,3.3,3.1,,4.988888888888889,4.633333333333334,5.06
1989-05-01,8.0,7.9,3.8,4.3,4.8,6.1,3.5,3.6,2.7,3.2,3.0,,4.7555555555555555,4.3,5.02
1989-06-01,8.9,8.5,3.7,4.3,4.7,5.8,3.2,3.6,2.8,3.3,3.1,,4.877777777777777,4.4,5.1000000000000005
1989-07-01,8.9,8.4,3.8,4.4,4.7,6.0,3.6,3.9,3.1,3.1,3.0,,4.966666666666667,4.516666666666667,5.16
1989-08-01,9.6,7.9,3.8,4.3,4.3,5.8,3.7,3.9,3.1,3.1,3.2,,4.955555555555557,4.616666666666666,5.0
1989-09-01,9.7,7.7,4.1,4.2,5.0,5.6,3.9,4.1,3.0,2.8,3.5,,5.033333333333333,4.866666666666666,4.880000000000001
1989-10-01,9.2,8.2,4.0,4.3,4.9,5.6,3.7,4.1,3.5,3.1,3.2,,5.055555555555555,4.75,5.0600000000000005
1989-11-01,9.4,8.4,4.0,4.2,4.9,5.4,4.0,4.0,3.4,3.2,3.5,,5.133333333333334,4.866666666666666,5.04
1989-12-01,9.5,7.9,4.0,4.3,4.8,5.7,3.7,4.1,3.4,3.3,3.8,,5.133333333333333,4.866666666666666,5.0600000000000005
1990-01-01,8.5,8.8,4.1,4.1,5.1,5.2,3.7,3.8,3.6,3.5,3.7,,5.1000000000000005,4.783333333333333,5.08
1990-02-01,8.5,8.4,4.0,4.2,5.1,5.5,3.6,3.9,3.2,3.3,3.5,,5.0,4.65,5.0600000000000005
1990-03-01,8.5,8.7,4.1,4.1,5.1,5.4,3.6,3.8,3.4,3.0,3.4,,4.988888888888889,4.683333333333333,5.0
1990-04-01,9.2,9.2,4.2,4.2,5.1,5.5,3.7,3.9,3.8,3.0,3.4,,5.199999999999999,4.8999999999999995,5.159999999999999
1990-05-01,8.8,8.3,4.1,4.2,5.2,5.7,3.8,3.8,3.5,3.1,3.3,,5.055555555555555,4.783333333333334,5.0200000000000005
1990-06-01,8.9,7.6,4.1,4.1,5.1,5.4,3.9,4.1,3.5,3.2,3.1,,4.977777777777778,4.766666666666667,4.880000000000001
1990-07-01,8.6,8.3,4.4,4.3,5.6,5.6,4.1,4.4,3.4,3.2,3.4,,5.177777777777777,4.916666666666667,5.16
1990-08-01,9.1,8.8,4.5,4.4,5.9,5.5,4.2,4.3,3.5,3.4,3.4,,5.344444444444444,5.1,5.28
1990-09-01,9.5,8.8,4.7,4.5,5.8,5.7,4.4,4.6,3.4,3.5,3.7,,5.48888888888889,5.249999999999999,5.42
1990-10-01,9.8,8.9,4.8,4.6,5.9,5.8,4.4,4.5,4.0,3.5,4.0,,5.644444444444444,5.483333333333333,5.46
1990-11-01,10.0,8.7,5.1,4.7,6.0,6.2,4.9,4.6,4.7,3.8,4.1,,5.888888888888889,5.8,5.6
1990-12-01,10.1,8.1,5.2,4.8,6.4,6.0,4.8,4.8,4.6,4.1,3.9,,5.866666666666666,5.833333333333333,5.56
1991-01-01,10.3,8.8,5.1,4.8,6.3,6.3,4.7,4.8,4.5,3.8,3.9,,5.933333333333334,5.8,5.700000000000001
1991-02-01,11.4,9.3,5.5,4.9,6.7,6.4,5.2,4.7,5.0,3.9,4.3,,6.322222222222223,6.349999999999999,5.84
1991-03-01,11.3,9.6,5.8,5.1,7.2,6.4,5.4,4.9,4.7,4.4,4.4,,6.477777777777778,6.466666666666668,6.08
1991-04-01,11.4,8.8,5.7,5.1,7.0,6.4,5.6,5.0,4.5,4.1,4.3,,6.344444444444444,6.416666666666667,5.88
1991-05-01,11.0,11.0,5.8,5.2,7.0,6.7,5.7,5.0,4.8,4.1,4.5,,6.644444444444444,6.466666666666666,6.4
1991-06-01,11.9,10.2,5.8,5.2,7.0,6.8,5.6,4.8,4.7,4.1,4.5,,6.622222222222224,6.583333333333333,6.220000000000001
1991-07-01,12.1,9.9,5.7,4.9,6.8,6.6,5.6,4.4,4.9,4.1,4.4,,6.533333333333333,6.583333333333333,5.9799999999999995
1991-08-01,12.1,9.4,5.8,5.2,6.9,7.1,5.6,4.8,5.0,4.1,4.5,,6.611111111111111,6.6499999999999995,6.12
1991-09-01,12.4,8.9,5.8,5.2,7.1,7.0,5.6,4.7,5.1,4.2,4.1,,6.566666666666666,6.683333333333334,6.0
1991-10-01,12.2,10.5,5.8,5.3,7.2,7.2,5.7,4.7,5.0,4.5,4.0,,6.777777777777778,6.6499999999999995,6.44
1991-11-01,11.6,10.9,5.9,5.3,7.4,6.9,5.7,4.9,5.0,4.5,4.3,,6.8,6.649999999999999,6.5
1991-12-01,12.6,10.9,6.0,5.4,7.5,7.1,5.6,4.8,5.1,4.6,4.8,,7.0,6.933333333333334,6.56
1992-01-01,12.4,10.1,6.2,5.4,7.7,7.2,6.0,4.9,5.4,4.6,5.0,,7.033333333333333,7.116666666666666,6.44
1992-02-01,12.5,10.0,6.4,5.7,7.6,7.1,6.4,5.4,5.6,4.9,4.9,,7.155555555555556,7.233333333333333,6.619999999999999
1992-03-01,12.4,9.7,6.3,5.7,7.7,7.4,5.9,5.4,5.6,4.9,5.0,,7.111111111111111,7.1499999999999995,6.619999999999999
1992-04-01,12.2,10.1,6.4,5.8,7.9,7.3,5.7,5.5,5.6,4.7,5.2,,7.133333333333334,7.166666666666668,6.68
1992-05-01,12.9,10.1,6.6,5.8,8.2,7.2,6.0,5.6,6.0,4.7,5.2,,7.322222222222221,7.483333333333334,6.68
1992-06-01,12.2,10.6,6.8,5.8,8.2,7.5,6.1,5.7,6.0,4.2,6.1,,7.3999999999999995,7.566666666666666,6.76
1992-07-01,12.3,10.6,6.5,6.0,7.7,7.5,6.1,5.7,5.7,4.7,5.4,,7.300000000000001,7.283333333333334,6.9
1992-08-01,11.8,10.8,6.6,5.9,8.1,7.5,6.2,5.6,5.7,4.6,5.3,,7.28888888888889,7.283333333333334,6.880000000000001
1992-09-01,11.8,10.7,6.5,5.8,8.1,7.4,6.2,5.5,5.5,4.7,5.1,,7.222222222222222,7.2,6.82
1992-10-01,11.9,10.4,6.5,5.7,8.0,7.4,6.3,5.5,5.4,4.4,5.2,,7.166666666666667,7.216666666666666,6.68
1992-11-01,12.3,10.0,6.4,5.7,7.8,7.7,6.1,5.4,5.3,4.3,5.0,,7.1,7.1499999999999995,6.619999999999999
1992-12-01,12.0,10.9,6.2,5.9,7.3,7.5,6.0,6.1,5.4,4.4,5.0,,7.177777777777777,6.983333333333333,6.959999999999999
1993-01-01,11.6,10.5,5.9,5.7,7.2,7.1,5.7,5.7,5.4,4.6,4.6,,6.933333333333334,6.733333333333333,6.719999999999999
1993-02-01,11.8,10.7,5.9,5.5,7.2,6.9,5.8,5.5,5.3,4.3,4.6,,6.9,6.766666666666667,6.58
1993-03-01,11.3,9.9,6.1,5.2,7.3,6.8,5.8,4.9,5.6,4.4,4.8,,6.7555555555555555,6.816666666666666,6.24
1993-04-01,11.7,10.1,5.9,5.5,6.9,6.7,5.7,5.3,5.5,4.8,4.5,,6.800000000000001,6.7,6.4799999999999995
1993-05-01,12.4,10.3,5.8,5.4,7.0,6.8,5.7,5.3,5.1,4.8,4.6,,6.888888888888889,6.766666666666667,6.5200000000000005
1993-06-01,11.5,9.6,6.0,5.5,7.4,6.8,5.8,5.2,5.1,4.7,4.5,,6.7333333333333325,6.716666666666666,6.359999999999999
1993-07-01,11.2,9.6,5.9,5.4,7.0,6.9,5.6,5.0,5.1,4.8,4.7,,6.655555555555555,6.583333333333335,6.34
1993-08-01,11.1,9.3,5.7,5.3,7.0,6.5,5.3,5.2,5.0,4.6,4.9,,6.544444444444444,6.5,6.18
1993-09-01,10.9,8.4,5.7,5.4,6.7,7.1,5.4,5.0,5.0,4.5,5.1,,6.455555555555556,6.466666666666668,6.08
1993-10-01,10.8,9.4,5.6,5.4,6.7,6.6,5.7,5.7,4.9,4.3,4.7,,6.533333333333334,6.3999999999999995,6.279999999999999
1993-11-01,10.4,9.6,5.4,5.3,6.5,6.3,5.3,5.9,4.2,4.2,4.5,,6.322222222222222,6.05,6.26
1993-12-01,10.1,9.4,5.4,5.3,6.3,6.8,5.3,5.4,4.5,4.2,5.0,,6.333333333333333,6.1000000000000005,6.22
1994-01-01,11.3,10.4,5.3,5.2,6.7,6.3,5.0,5.3,4.3,4.1,4.6,4.3,6.23,6.2,5.933333333333334
1994-02-01,10.6,9.6,5.4,5.2,6.7,6.8,5.0,4.9,4.6,4.1,4.8,4.2,6.130000000000001,6.183333333333333,5.800000000000001
1994-03-01,10.9,10.0,5.1,5.3,6.2,6.9,5.1,5.0,3.8,4.2,4.6,4.2,6.090000000000001,5.949999999999999,5.933333333333334
1994-04-01,10.6,9.6,4.9,5.1,6.2,6.8,4.5,4.6,4.1,3.7,4.4,4.2,5.87,5.783333333333332,5.666666666666667
1994-05-01,10.1,9.1,4.7,4.9,6.0,6.0,4.2,4.6,3.6,4.6,4.3,3.8,5.63,5.483333333333333,5.5
1994-06-01,10.0,9.1,4.7,4.9,5.6,6.0,4.4,4.8,4.3,4.2,4.1,3.8,5.630000000000001,5.516666666666666,5.466666666666666
1994-07-01,10.4,8.8,4.9,4.7,5.8,5.8,4.4,4.8,4.3,3.9,4.5,3.5,5.62,5.716666666666666,5.25
1994-08-01,10.5,9.3,4.8,4.8,5.7,6.0,4.5,4.7,4.2,3.9,4.3,3.8,5.6899999999999995,5.666666666666667,5.416666666666667
1994-09-01,9.5,9.0,4.5,4.9,5.4,5.9,4.4,5.2,3.9,3.8,3.9,3.7,5.470000000000001,5.266666666666666,5.416666666666667
1994-10-01,9.5,8.5,4.6,4.6,5.6,5.9,4.2,4.4,3.9,3.9,4.3,3.7,5.390000000000001,5.349999999999999,5.166666666666666
1994-11-01,9.5,8.8,4.4,4.5,5.1,5.9,4.0,4.3,3.9,3.6,4.0,3.7,5.28,5.1499999999999995,5.133333333333334
1994-12-01,8.8,8.2,4.2,4.4,5.3,5.6,4.0,4.2,3.5,3.3,3.7,3.6,5.0200000000000005,4.916666666666667,4.883333333333334
1995-01-01,9.1,8.0,4.4,4.5,5.5,6.0,4.4,4.1,3.2,3.4,3.8,3.8,5.13,5.066666666666666,4.966666666666667
1995-02-01,8.2,8.8,4.1,4.3,4.9,5.5,4.1,4.2,3.4,3.4,3.6,3.6,4.970000000000001,4.716666666666666,4.966666666666667
1995-03-01,8.8,9.4,4.1,4.3,4.7,5.7,4.0,4.3,3.8,3.1,3.6,3.1,5.050000000000001,4.833333333333334,4.983333333333333
1995-04-01,8.8,9.0,4.4,4.7,5.1,6.4,4.4,4.6,3.5,3.2,4.1,3.5,5.26,5.050000000000001,5.233333333333333
1995-05-01,8.9,8.4,4.6,4.3,5.6,5.7,4.5,4.6,3.4,2.9,4.0,3.6,5.16,5.166666666666667,4.916666666666667
1995-06-01,9.1,9.0,4.3,4.5,5.1,5.9,4.3,4.5,3.4,3.1,3.9,3.7,5.200000000000001,5.016666666666667,5.116666666666666
1995-07-01,9.0,9.4,4.3,4.5,5.1,5.5,4.3,4.7,3.4,3.3,3.8,3.7,5.220000000000001,4.983333333333333,5.183333333333333
1995-08-01,10.4,9.1,4.3,4.4,4.9,5.6,4.4,4.4,3.5,3.3,3.7,3.8,5.3100000000000005,5.2,5.1000000000000005
1995-09-01,9.7,10.1,4.3,4.4,5.4,5.6,3.9,4.5,3.4,3.1,4.0,3.1,5.279999999999999,5.116666666666666,5.133333333333334
1995-10-01,9.3,9.7,4.0,4.5,4.5,5.6,4.2,4.8,3.4,3.1,3.4,3.7,5.17,4.8,5.233333333333333
1995-11-01,9.2,8.3,4.4,4.3,5.3,5.4,4.4,4.3,3.5,3.4,3.7,3.9,5.14,5.083333333333333,4.933333333333333
1995-12-01,9.5,8.7,4.3,4.3,5.4,5.3,4.2,4.2,3.5,3.3,3.3,3.9,5.129999999999999,5.033333333333334,4.95
1996-01-01,9.6,10.4,4.2,4.4,5.5,5.5,4.0,4.3,3.5,3.7,3.5,3.8,5.38,5.05,5.3500000000000005
1996-02-01,10.4,8.8,4.2,4.3,5.2,5.5,4.0,4.1,3.7,3.1,3.4,3.9,5.21,5.1499999999999995,4.95
1996-03-01,9.9,8.8,4.3,4.2,5.3,5.2,4.1,4.1,3.5,3.2,3.4,3.8,5.13,5.083333333333333,4.883333333333333
1996-04-01,9.9,8.2,4.3,4.4,5.2,5.5,4.4,4.1,3.7,3.4,3.1,3.8,5.13,5.1,4.9
1996-05-01,10.3,8.8,4.3,4.4,5.2,5.9,4.0,4.0,3.7,3.5,3.5,3.8,5.2700000000000005,5.166666666666667,5.066666666666667
1996-06-01,9.7,8.6,4.0,4.2,5.0,5.1,3.8,4.1,3.3,3.5,3.5,3.5,5.01,4.883333333333334,4.833333333333333
1996-07-01,9.6,9.5,4.0,4.3,4.9,5.6,3.9,4.4,3.1,3.0,3.8,3.5,5.13,4.883333333333334,5.05
1996-08-01,8.2,8.8,3.8,4.2,4.4,5.6,3.9,4.2,3.3,2.9,3.3,2.8,4.739999999999999,4.483333333333333,4.75
1996-09-01,8.9,8.9,4.0,4.1,4.5,5.4,4.2,4.1,3.5,2.9,3.3,3.4,4.91,4.733333333333333,4.8
1996-10-01,8.5,9.2,3.8,4.2,4.4,5.4,3.8,4.4,3.5,3.0,3.0,3.4,4.86,4.500000000000001,4.933333333333333
1996-11-01,9.1,9.1,4.0,4.3,4.5,5.7,4.2,4.7,3.5,2.9,3.1,2.9,4.970000000000001,4.733333333333333,4.933333333333333
1996-12-01,9.0,9.1,3.8,4.6,4.2,6.2,3.8,4.4,3.3,3.4,3.2,3.4,5.0,4.55,5.183333333333333
1997-01-01,10.0,8.8,3.9,4.1,4.3,5.7,4.2,4.2,3.5,2.9,3.2,3.0,4.98,4.85,4.783333333333333
1997-02-01,8.6,8.6,3.9,4.2,4.5,5.8,4.1,4.2,3.2,3.1,3.2,2.9,4.82,4.583333333333333,4.8
1997-03-01,9.0,8.7,3.8,4.1,4.5,5.5,3.9,4.2,3.1,3.1,3.3,2.9,4.819999999999999,4.6000000000000005,4.749999999999999
1997-04-01,8.9,9.1,3.8,3.9,4.5,5.2,4.0,3.6,3.0,2.9,3.0,3.0,4.720000000000001,4.533333333333333,4.616666666666666
1997-05-01,7.7,8.8,3.6,4.0,4.4,5.3,3.3,4.1,3.2,2.8,3.1,3.0,4.569999999999999,4.216666666666667,4.666666666666667
1997-06-01,8.2,8.4,3.7,3.9,4.4,5.2,3.7,3.8,3.3,2.9,3.3,3.0,4.62,4.433333333333333,4.533333333333333
1997-07-01,8.0,7.4,3.5,3.8,4.1,5.4,3.5,3.7,3.2,2.7,2.9,2.9,4.38,4.2,4.316666666666666
1997-08-01,8.5,7.7,3.5,3.9,4.3,5.3,3.3,4.0,3.0,2.8,3.2,2.9,4.5,4.3,4.433333333333333
1997-09-01,9.1,7.4,3.5,4.0,4.1,5.1,3.4,3.9,3.1,3.2,2.9,3.4,4.56,4.35,4.499999999999999
1997-10-01,9.3,7.7,3.4,3.7,3.7,5.1,3.4,4.0,3.3,2.4,2.9,2.8,4.459999999999999,4.333333333333333,4.283333333333333
1997-11-01,9.4,7.5,3.2,3.6,4.1,4.6,3.0,3.9,2.7,2.8,2.8,2.6,4.34,4.2,4.166666666666667
1997-12-01,9.2,7.8,3.5,3.7,4.1,4.5,3.5,4.2,3.0,2.9,3.3,2.1,4.46,4.433333333333333,4.2
1998-01-01,8.7,9.5,3.3,3.7,3.8,4.7,3.3,4.2,2.9,2.8,3.0,2.3,4.52,4.166666666666667,4.533333333333333
1998-02-01,8.6,8.0,3.2,3.8,3.9,4.7,2.9,4.1,2.9,3.3,2.8,2.5,4.37,4.05,4.4
1998-03-01,8.2,7.6,3.4,3.8,4.1,5.4,3.1,4.0,3.1,2.8,2.9,2.4,4.359999999999999,4.133333333333334,4.333333333333333
1998-04-01,7.6,7.5,3.1,3.7,3.6,4.6,2.8,3.8,3.0,2.6,2.8,2.4,4.069999999999999,3.8166666666666664,4.1
1998-05-01,8.1,7.0,3.1,3.5,3.6,4.9,3.0,3.9,2.9,2.2,2.6,2.5,4.07,3.883333333333333,4.0
1998-06-01,8.1,8.0,3.2,3.5,3.8,4.9,3.1,3.7,3.0,2.4,2.6,2.5,4.21,3.9666666666666672,4.166666666666666
1998-07-01,8.4,7.9,3.3,3.4,4.3,4.5,3.0,3.5,3.0,2.6,2.9,2.6,4.2700000000000005,4.1499999999999995,4.083333333333334
1998-08-01,8.6,8.3,3.1,3.5,3.9,4.6,3.1,3.4,2.7,2.7,2.6,2.7,4.26,4.0,4.199999999999999
1998-09-01,8.9,7.9,3.2,3.6,4.1,4.8,3.0,3.5,2.6,2.7,3.0,2.5,4.3,4.133333333333334,4.166666666666667
1998-10-01,7.4,7.1,3.2,3.7,4.1,5.3,3.0,3.5,2.5,2.8,2.8,2.6,4.11,3.833333333333334,4.166666666666667
1998-11-01,6.7,7.0,3.1,3.7,3.9,4.6,2.8,4.0,2.5,2.9,3.0,3.0,4.04,3.6666666666666665,4.199999999999999
1998-12-01,7.3,6.9,3.1,3.5,3.8,4.5,3.0,3.6,2.6,2.6,3.0,2.7,4.0,3.8000000000000003,3.966666666666667
1999-01-01,7.4,6.8,3.0,3.4,3.7,4.5,2.8,3.3,2.6,2.7,2.8,3.0,3.9599999999999995,3.7166666666666672,3.9499999999999997
1999-02-01,7.6,7.8,3.2,3.4,3.8,4.6,3.0,3.4,3.0,2.5,2.9,2.7,4.13,3.9166666666666665,4.066666666666666
1999-03-01,7.0,7.5,2.8,3.4,3.5,4.7,2.6,3.2,2.5,2.5,2.6,3.0,3.91,3.5,4.05
1999-04-01,8.0,7.1,2.9,3.7,3.7,4.6,2.8,3.6,2.5,2.7,2.7,3.0,4.07,3.766666666666667,4.116666666666666
1999-05-01,8.0,6.7,3.1,3.2,3.6,4.2,3.2,3.2,2.5,2.5,2.8,2.8,3.9499999999999993,3.8666666666666667,3.766666666666667
1999-06-01,8.4,6.9,3.0,3.5,3.6,4.4,3.0,3.6,2.4,2.3,2.8,3.5,4.09,3.8666666666666667,4.033333333333334
1999-07-01,8.2,7.3,3.0,3.5,3.6,4.8,2.9,3.3,2.5,2.7,3.1,3.0,4.14,3.8833333333333333,4.1000000000000005
1999-08-01,7.6,7.1,3.1,3.3,3.8,4.1,2.9,3.5,2.6,2.5,2.9,2.4,3.939999999999999,3.8166666666666664,3.8166666666666664
1999-09-01,7.3,7.5,3.0,3.2,3.6,4.4,2.8,3.4,2.6,2.4,3.0,2.0,3.9,3.716666666666667,3.8166666666666664
1999-10-01,8.0,7.2,3.0,3.1,3.8,4.1,2.6,3.3,2.6,2.3,2.8,2.5,3.9199999999999995,3.8000000000000007,3.75
1999-11-01,7.3,7.9,2.8,3.1,3.4,4.3,2.5,3.1,2.7,2.5,2.5,2.6,3.8800000000000003,3.533333333333333,3.9166666666666674
1999-12-01,7.8,6.8,2.8,3.1,3.1,4.3,2.6,3.0,2.9,2.5,2.5,2.6,3.81,3.6166666666666667,3.716666666666667
2000-01-01,7.5,7.5,2.8,3.2,3.3,3.9,2.7,3.4,2.6,2.7,2.5,3.0,3.91,3.566666666666667,3.9499999999999997
2000-02-01,7.4,7.8,3.0,3.1,3.5,3.6,3.0,3.3,2.4,2.3,2.7,3.0,3.9,3.666666666666666,3.85
2000-03-01,7.3,7.6,2.8,3.2,3.5,4.0,2.8,3.6,2.1,2.3,2.7,2.6,3.8500000000000005,3.533333333333333,3.883333333333334
2000-04-01,7.2,7.1,2.7,3.1,3.2,3.9,2.7,3.5,2.2,2.0,2.6,1.9,3.63,3.4333333333333336,3.5833333333333335
2000-05-01,8.1,7.8,2.8,3.2,3.6,4.1,2.6,3.5,2.2,2.5,2.6,2.6,3.96,3.65,3.9500000000000006
2000-06-01,6.8,8.3,2.8,3.2,3.2,4.1,3.0,3.2,2.5,2.6,2.2,2.5,3.8400000000000007,3.4166666666666665,3.983333333333334
2000-07-01,7.2,6.8,2.8,3.3,3.5,4.4,2.6,3.6,2.5,2.4,2.5,2.4,3.79,3.516666666666667,3.8166666666666664
2000-08-01,6.8,6.3,2.8,3.5,3.2,4.6,2.7,3.6,2.8,2.6,2.6,2.6,3.7800000000000002,3.483333333333334,3.866666666666667
2000-09-01,7.0,6.1,2.9,3.2,3.5,4.0,2.7,3.2,2.6,2.6,2.7,2.6,3.7000000000000006,3.566666666666667,3.616666666666667
2000-10-01,7.2,6.1,2.9,3.0,3.4,3.9,2.7,2.8,2.5,2.6,2.8,2.7,3.6700000000000004,3.5833333333333335,3.516666666666667
2000-11-01,7.3,6.3,2.9,3.1,3.3,4.1,2.9,2.9,2.4,2.4,2.9,3.0,3.75,3.616666666666666,3.633333333333333
2000-12-01,7.3,6.6,2.9,2.9,3.4,4.0,2.9,2.8,2.5,2.6,2.8,1.9,3.679999999999999,3.6333333333333333,3.466666666666667
2001-01-01,7.7,6.8,3.1,3.3,3.8,4.4,2.9,3.3,2.6,2.7,3.0,2.5,3.97,3.85,3.8333333333333335
2001-02-01,8.3,6.3,3.1,3.4,3.6,4.4,3.0,3.2,2.8,2.9,2.9,2.6,4.0,3.9499999999999997,3.8000000000000003
2001-03-01,8.8,6.4,3.2,3.2,3.8,4.4,3.1,3.2,2.8,2.8,2.9,2.4,4.06,4.1000000000000005,3.733333333333334
2001-04-01,8.5,7.7,3.4,3.3,4.0,4.6,3.3,2.8,3.0,2.7,2.8,2.5,4.1899999999999995,4.166666666666667,3.933333333333333
2001-05-01,9.0,7.1,3.3,3.4,4.0,4.6,3.4,3.4,2.8,2.9,2.8,2.4,4.24,4.216666666666667,3.9666666666666663
2001-06-01,9.4,7.0,3.4,3.5,4.2,4.9,3.3,3.6,3.0,2.7,2.8,2.6,4.35,4.3500000000000005,4.05
2001-07-01,8.4,7.3,3.5,3.5,4.0,4.7,3.7,3.6,3.1,2.8,3.1,2.6,4.33,4.300000000000001,4.083333333333334
2001-08-01,9.5,8.3,3.8,3.8,4.6,5.0,3.7,3.8,3.4,3.1,3.2,2.7,4.73,4.699999999999999,4.45
2001-09-01,8.5,8.3,3.8,4.0,4.6,4.9,3.9,4.1,3.1,3.2,3.4,3.1,4.71,4.55,4.6000000000000005
2001-10-01,9.6,8.6,4.2,4.2,4.7,5.8,4.3,4.1,4.0,3.4,3.8,3.1,5.14,5.1000000000000005,4.866666666666667
2001-11-01,10.2,8.3,4.4,4.4,5.1,6.5,4.3,4.7,4.1,3.1,4.0,3.1,5.34,5.3500000000000005,5.0166666666666675
2001-12-01,10.4,8.9,4.4,4.5,5.4,6.5,4.3,4.6,3.9,3.4,4.1,3.3,5.48,5.416666666666667,5.2
2002-01-01,10.5,9.0,4.6,4.5,5.6,6.0,4.5,4.6,4.0,3.6,3.9,3.2,5.49,5.516666666666667,5.15
2002-02-01,10.6,8.7,4.5,4.6,5.5,6.2,4.2,4.5,4.1,3.8,4.2,3.3,5.51,5.516666666666667,5.183333333333334
2002-03-01,11.3,9.2,4.5,4.5,5.8,5.8,4.3,4.6,4.1,3.7,3.6,3.6,5.6,5.6000000000000005,5.233333333333333
2002-04-01,10.4,9.5,4.8,4.8,6.0,6.3,4.5,4.9,4.2,3.8,4.2,3.6,5.74,5.683333333333334,5.483333333333333
2002-05-01,9.6,8.5,4.8,4.8,5.7,6.2,4.4,5.1,4.4,4.1,4.3,3.5,5.58,5.533333333333332,5.366666666666667
2002-06-01,9.4,9.1,4.8,4.6,6.2,5.5,4.2,4.5,4.5,4.3,4.2,3.8,5.57,5.55,5.3
2002-07-01,9.8,9.5,4.7,4.5,5.8,5.8,4.7,4.4,4.2,4.3,3.9,3.5,5.59,5.516666666666667,5.333333333333333
2002-08-01,10.0,8.9,4.6,4.5,5.6,6.1,4.4,4.4,4.3,3.6,4.1,3.7,5.51,5.5,5.2
2002-09-01,10.0,8.7,4.6,4.4,5.6,5.8,4.5,4.7,4.1,3.6,4.1,3.5,5.46,5.483333333333333,5.116666666666666
2002-10-01,10.3,9.7,4.7,4.5,5.7,5.6,4.9,4.7,4.0,3.9,4.0,3.7,5.65,5.6000000000000005,5.349999999999999
2002-11-01,10.0,9.2,5.0,4.5,6.2,5.8,5.0,4.8,4.2,3.7,4.0,3.5,5.640000000000001,5.733333333333333,5.25
2002-12-01,10.2,9.3,5.0,4.6,6.1,6.1,4.8,4.7,4.6,3.5,4.4,3.9,5.76,5.849999999999999,5.3500000000000005
2003-01-01,9.8,9.0,5.0,4.4,6.2,5.7,4.8,4.4,4.4,3.4,4.4,3.9,5.6,5.766666666666667,5.133333333333333
2003-02-01,9.7,9.4,5.0,4.6,5.6,6.0,5.0,5.4,4.6,3.3,4.4,3.3,5.67,5.716666666666666,5.333333333333333
2003-03-01,9.2,9.1,4.9,4.6,5.7,5.8,4.8,4.8,4.7,4.1,4.4,3.5,5.609999999999999,5.616666666666667,5.316666666666666
2003-04-01,10.9,9.5,5.1,4.6,5.9,5.9,5.2,4.4,4.6,3.8,4.6,3.7,5.8500000000000005,6.05,5.316666666666666
2003-05-01,11.4,9.4,5.2,4.6,6.1,6.1,5.3,4.9,4.6,3.5,4.6,3.9,5.9799999999999995,6.2,5.3999999999999995
2003-06-01,11.4,9.3,5.4,4.7,6.5,6.1,5.5,5.1,4.3,3.7,5.3,3.6,6.08,6.3999999999999995,5.416666666666667
2003-07-01,11.9,9.0,5.2,4.6,6.4,5.8,5.3,5.0,4.3,3.7,4.5,3.8,5.969999999999999,6.266666666666667,5.316666666666666
2003-08-01,10.5,10.0,5.3,4.6,6.8,5.8,5.2,4.7,4.4,3.9,4.4,3.9,5.96,6.1000000000000005,5.483333333333333
2003-09-01,11.1,9.7,5.1,4.7,6.6,6.0,4.9,4.8,4.3,4.1,4.2,3.7,5.94,6.033333333333332,5.5
2003-10-01,10.5,9.1,5.0,4.7,6.5,6.0,4.9,5.2,4.4,3.7,4.0,3.6,5.790000000000001,5.883333333333333,5.383333333333333
2003-11-01,11.1,9.4,5.0,4.5,6.1,5.8,4.8,4.9,4.5,3.4,4.2,3.7,5.790000000000001,5.95,5.283333333333333
2003-12-01,10.3,8.6,4.6,4.7,5.9,5.9,4.5,5.0,3.9,3.8,3.9,3.6,5.54,5.516666666666667,5.2666666666666675
2004-01-01,10.4,8.8,4.5,4.6,5.8,5.9,4.4,4.5,4.0,4.0,3.5,3.8,5.51,5.433333333333334,5.266666666666667
2004-02-01,10.0,8.9,4.5,4.5,5.9,5.4,4.5,4.6,3.7,4.0,3.7,3.8,5.45,5.383333333333333,5.2
2004-03-01,10.4,9.0,4.6,4.7,5.8,5.8,4.6,5.0,3.9,4.2,3.8,3.7,5.62,5.516666666666666,5.3999999999999995
2004-04-01,10.1,8.4,4.4,4.5,5.5,5.4,4.2,4.6,3.9,4.0,3.9,3.6,5.36,5.333333333333333,5.083333333333333
2004-05-01,10.4,9.0,4.6,4.2,6.0,5.2,4.2,4.4,3.9,3.8,4.2,3.6,5.470000000000001,5.55,5.033333333333333
2004-06-01,10.3,9.0,4.4,4.6,4.8,5.5,4.6,4.7,3.9,4.1,4.4,3.7,5.500000000000001,5.3999999999999995,5.266666666666667
2004-07-01,9.9,8.7,4.4,4.4,5.4,6.0,4.3,4.4,3.8,3.6,3.8,3.4,5.33,5.2666666666666675,5.083333333333333
2004-08-01,9.8,8.2,4.4,4.2,5.3,5.6,4.3,4.3,3.9,3.4,4.0,3.4,5.22,5.283333333333333,4.85
2004-09-01,10.3,8.4,4.3,4.2,5.2,5.1,4.3,4.7,3.8,3.4,3.8,3.5,5.25,5.283333333333334,4.883333333333334
2004-10-01,10.1,9.2,4.3,4.2,5.1,5.8,4.0,4.1,3.9,3.2,4.1,3.5,5.299999999999999,5.25,4.999999999999999
2004-11-01,9.9,8.3,4.3,4.2,5.3,5.8,4.1,3.9,3.9,3.4,3.8,3.7,5.210000000000001,5.216666666666667,4.883333333333333
2004-12-01,9.0,8.6,4.3,4.1,5.8,5.4,3.9,4.0,3.9,3.7,3.4,3.4,5.109999999999999,5.05,4.866666666666666
2005-01-01,10.3,8.6,4.1,4.2,4.9,5.5,3.9,4.4,3.7,3.4,3.8,3.0,5.1499999999999995,5.116666666666666,4.8500000000000005
2005-02-01,11.2,8.7,4.1,4.3,5.0,5.6,4.1,4.5,3.5,3.6,3.7,3.4,5.33,5.266666666666667,5.016666666666667
2005-03-01,9.9,8.4,4.0,4.1,5.1,5.6,3.8,3.9,3.4,3.5,3.5,3.5,5.0600000000000005,4.95,4.833333333333333
2005-04-01,9.5,8.2,3.8,4.2,5.0,5.5,3.5,4.2,3.1,3.5,3.5,3.6,4.96,4.733333333333333,4.866666666666666
2005-05-01,9.1,8.5,3.8,4.1,4.7,5.5,3.9,3.9,3.4,3.6,3.0,3.5,4.91,4.6499999999999995,4.8500000000000005
2005-06-01,9.2,8.1,3.7,4.2,4.6,6.0,3.6,4.2,3.4,3.5,3.2,3.2,4.9,4.616666666666666,4.866666666666666
2005-07-01,8.8,7.5,3.7,4.3,4.6,5.7,3.4,4.2,3.6,3.6,3.1,3.6,4.8100000000000005,4.533333333333334,4.816666666666667
2005-08-01,9.8,7.5,3.7,4.0,4.5,5.7,3.6,3.8,3.3,3.2,3.1,3.4,4.79,4.666666666666667,4.6
2005-09-01,9.9,7.2,3.9,4.3,5.0,5.7,3.4,4.1,3.6,3.6,3.3,3.8,4.959999999999999,4.8500000000000005,4.783333333333333
2005-10-01,9.2,7.3,3.7,4.2,4.4,5.3,3.4,4.5,3.6,3.6,3.2,3.2,4.7700000000000005,4.583333333333333,4.683333333333334
2005-11-01,9.2,7.4,3.7,4.3,4.5,5.8,3.7,4.2,3.5,3.6,3.2,3.2,4.830000000000001,4.633333333333333,4.75
2005-12-01,9.1,7.5,3.7,4.0,4.4,5.8,3.6,3.9,3.4,3.3,3.2,3.2,4.74,4.566666666666667,4.616666666666666
2006-01-01,8.9,7.3,3.5,3.9,4.3,5.1,3.2,4.2,3.3,3.2,3.2,3.1,4.58,4.3999999999999995,4.466666666666666
2006-02-01,9.2,8.0,3.7,3.9,5.1,5.3,3.1,4.1,3.3,3.1,2.8,3.0,4.699999999999999,4.533333333333334,4.566666666666666
2006-03-01,8.5,7.0,3.5,3.8,4.4,5.2,3.6,4.1,3.3,3.0,2.6,2.7,4.44,4.316666666666667,4.3
2006-04-01,8.7,7.7,3.6,3.9,4.7,5.2,3.5,4.1,3.1,3.2,3.2,3.0,4.64,4.466666666666667,4.516666666666667
2006-05-01,9.0,7.1,3.6,3.7,4.6,5.0,3.3,3.8,3.5,3.1,3.0,2.9,4.53,4.5,4.266666666666667
2006-06-01,7.9,7.7,3.5,3.7,4.6,4.6,3.3,3.7,3.0,3.4,3.2,2.9,4.430000000000001,4.25,4.333333333333333
2006-07-01,8.8,8.0,3.6,3.8,4.8,4.7,3.2,4.0,3.2,3.3,3.1,3.0,4.61,4.45,4.466666666666667
2006-08-01,9.1,7.1,3.5,3.7,4.3,4.6,3.5,4.1,3.3,3.2,2.9,2.8,4.489999999999999,4.433333333333333,4.25
2006-09-01,8.4,7.4,3.2,3.8,4.0,5.2,3.3,3.6,2.8,3.2,2.6,3.2,4.37,4.050000000000001,4.3999999999999995
2006-10-01,8.8,8.0,3.2,3.4,4.6,4.7,2.7,3.1,2.6,2.9,2.9,3.0,4.33,4.133333333333334,4.183333333333334
2006-11-01,8.9,8.1,3.4,3.6,4.5,4.4,3.4,3.6,2.6,3.1,3.0,3.1,4.47,4.3,4.316666666666667
2006-12-01,8.1,7.4,3.5,3.5,4.2,4.4,3.5,3.9,2.8,2.9,3.2,2.7,4.3100000000000005,4.216666666666667,4.133333333333333
2007-01-01,8.6,7.6,3.7,3.6,5.0,4.7,3.4,3.4,2.9,3.1,3.5,3.1,4.53,4.516666666666667,4.25
2007-02-01,8.3,6.7,3.7,3.5,5.1,4.6,3.4,3.2,3.2,3.2,3.2,3.0,4.390000000000001,4.483333333333333,4.033333333333333
2007-03-01,8.2,7.1,3.5,3.4,4.3,4.4,3.3,3.1,3.1,3.0,3.3,2.9,4.27,4.283333333333334,3.983333333333333
2007-04-01,8.5,7.0,3.5,3.5,4.3,4.5,3.2,3.6,3.2,3.0,3.3,3.0,4.359999999999999,4.333333333333333,4.1000000000000005
2007-05-01,8.4,5.8,3.4,3.5,4.3,4.6,3.0,3.7,3.1,3.0,3.4,3.0,4.2299999999999995,4.266666666666667,3.9333333333333336
2007-06-01,9.0,6.8,3.4,3.6,4.6,4.6,2.9,3.7,3.1,2.9,3.1,3.1,4.380000000000001,4.3500000000000005,4.116666666666666
2007-07-01,9.1,7.4,3.6,3.8,4.3,5.0,3.5,4.0,3.2,3.1,3.4,2.9,4.59,4.516666666666667,4.366666666666666
2007-08-01,9.0,7.6,3.5,3.7,4.7,4.6,3.1,4.1,3.1,3.2,3.3,3.0,4.57,4.45,4.366666666666666
2007-09-01,10.0,7.8,3.5,3.7,4.7,5.0,3.2,3.4,3.0,3.3,3.2,3.0,4.66,4.6,4.366666666666666
2007-10-01,9.2,7.8,3.6,3.7,4.9,4.5,3.3,3.6,3.2,3.6,3.1,3.1,4.630000000000001,4.55,4.383333333333334
2007-11-01,8.9,7.5,3.6,3.8,4.9,4.6,3.3,3.9,3.1,3.5,3.1,3.0,4.58,4.483333333333333,4.383333333333334
2007-12-01,9.8,8.9,3.8,3.8,5.1,4.8,3.7,3.9,3.3,3.7,3.2,3.3,4.970000000000001,4.816666666666667,4.733333333333333
2008-01-01,9.6,8.2,3.9,3.8,5.2,4.9,3.7,3.5,3.4,3.4,3.3,3.2,4.84,4.85,4.499999999999999
2008-02-01,10.1,7.7,3.8,3.8,5.0,4.8,3.4,3.8,3.4,3.4,3.3,3.3,4.819999999999999,4.833333333333333,4.466666666666667
2008-03-01,10.2,8.4,4.0,4.1,5.3,5.3,3.7,4.0,3.5,3.5,3.4,3.4,5.07,5.016666666666667,4.783333333333333
2008-04-01,9.6,7.7,4.1,3.9,5.0,5.1,4.1,3.7,3.9,3.4,3.0,3.3,4.88,4.949999999999999,4.516666666666667
2008-05-01,10.9,9.3,4.2,4.1,5.3,5.0,4.1,4.3,3.7,3.8,3.4,3.1,5.290000000000001,5.266666666666667,4.933333333333334
2008-06-01,11.1,8.8,4.4,4.2,5.4,5.5,4.6,4.3,3.9,3.8,3.4,3.3,5.409999999999998,5.466666666666666,4.983333333333333
2008-07-01,11.6,8.6,4.7,4.3,6.2,5.0,4.9,4.4,3.9,3.8,3.7,3.6,5.57,5.833333333333333,4.95
2008-08-01,11.8,9.4,5.0,4.9,6.5,6.0,4.8,5.4,4.3,4.2,4.2,4.0,6.0600000000000005,6.1000000000000005,5.650000000000001
2008-09-01,12.3,9.5,5.4,4.4,6.7,5.5,5.4,4.6,4.8,3.8,4.5,3.9,6.1,6.516666666666667,5.283333333333333
2008-10-01,13.1,8.3,5.5,5.0,7.1,6.2,5.5,5.3,4.8,4.4,4.6,4.4,6.37,6.766666666666667,5.6000000000000005
2008-11-01,13.0,9.3,6.0,5.3,7.7,6.4,5.5,5.5,5.5,4.6,5.1,4.5,6.710000000000001,7.133333333333334,5.933333333333334
2008-12-01,14.3,10.1,6.6,5.5,8.5,6.6,6.2,5.7,6.2,5.0,5.3,4.8,7.2700000000000005,7.8500000000000005,6.283333333333332
2009-01-01,14.4,10.3,7.2,6.0,9.3,7.1,6.9,6.5,7.0,5.0,5.6,5.3,7.739999999999999,8.4,6.699999999999999
2009-02-01,15.0,11.2,7.8,6.2,10.1,7.8,7.4,6.4,7.3,5.5,6.2,5.3,8.219999999999999,8.966666666666667,7.066666666666666
2009-03-01,16.5,11.3,8.1,6.6,10.4,8.0,8.0,6.5,7.4,6.1,6.6,5.9,8.67,9.5,7.3999999999999995
2009-04-01,16.9,11.6,8.6,6.7,11.2,8.0,8.4,6.8,7.5,5.8,6.9,5.9,8.900000000000002,9.916666666666666,7.466666666666666
2009-05-01,17.5,12.3,9.0,7.0,11.6,8.8,9.1,6.9,7.9,5.9,7.0,6.0,9.3,10.35,7.816666666666666
2009-06-01,17.1,13.0,9.1,7.0,11.2,8.6,8.9,7.2,8.5,6.1,7.8,6.2,9.459999999999999,10.433333333333334,8.016666666666667
2009-07-01,16.8,13.3,9.0,7.0,11.2,8.8,8.9,6.7,8.6,6.1,7.3,6.4,9.41,10.299999999999999,8.05
2009-08-01,16.8,13.4,9.3,7.1,11.5,9.2,9.4,6.9,8.8,6.3,7.4,6.1,9.580000000000002,10.533333333333333,8.166666666666666
2009-09-01,17.3,13.0,9.4,7.3,11.6,8.9,9.4,7.8,9.0,6.5,7.2,6.3,9.7,10.65,8.299999999999999
2009-10-01,18.9,12.4,9.5,7.5,11.3,9.6,10.0,7.8,8.8,6.4,7.5,6.3,9.899999999999999,11.0,8.333333333333332
2009-11-01,18.4,13.4,9.4,7.3,11.2,9.1,9.3,7.8,9.2,5.9,7.6,6.4,9.83,10.85,8.316666666666665
2009-12-01,18.4,12.4,9.2,7.6,10.8,9.0,8.9,8.5,8.9,6.7,7.9,6.2,9.77,10.683333333333332,8.4
2010-01-01,19.4,12.1,9.2,7.4,11.1,8.8,9.1,7.9,8.7,6.7,7.7,6.1,9.76,10.866666666666667,8.166666666666668
2010-02-01,18.5,12.9,9.3,7.4,11.1,8.7,9.5,7.9,8.5,6.5,7.9,6.4,9.790000000000001,10.799999999999999,8.299999999999999
2010-03-01,18.4,13.0,9.2,7.6,11.4,8.8,8.9,8.3,8.8,6.9,7.6,6.1,9.819999999999999,10.716666666666667,8.450000000000001
2010-04-01,20.0,14.1,9.0,7.6,11.0,9.5,8.7,7.6,8.6,7.0,7.6,6.2,10.03,10.816666666666668,8.666666666666666
2010-05-01,16.2,13.1,9.0,7.6,11.4,9.6,8.5,7.2,8.3,6.8,7.6,6.2,9.489999999999998,10.166666666666668,8.416666666666666
2010-06-01,17.6,12.6,8.9,7.2,11.3,8.9,8.1,7.3,8.6,6.3,7.4,6.3,9.440000000000001,10.316666666666666,8.1
2010-07-01,17.8,12.9,8.7,7.3,10.5,9.0,8.1,7.5,8.3,6.4,7.6,6.1,9.419999999999998,10.166666666666668,8.200000000000001
2010-08-01,16.7,12.5,8.9,7.4,10.3,9.1,8.0,7.3,8.8,7.2,8.5,6.3,9.469999999999999,10.200000000000001,8.299999999999999
2010-09-01,16.9,12.5,8.8,7.4,10.6,8.9,8.4,8.1,8.3,6.7,7.8,6.3,9.45,10.133333333333333,8.316666666666666
2010-10-01,16.8,13.8,8.6,7.4,10.1,9.0,8.1,7.5,8.2,7.0,8.1,6.0,9.459999999999999,9.983333333333333,8.450000000000001
2010-11-01,18.5,13.5,8.9,7.8,10.9,9.9,7.9,7.6,9.0,7.0,7.8,6.5,9.86,10.499999999999998,8.716666666666667
2010-12-01,16.8,13.3,8.5,7.4,10.3,9.4,7.9,7.6,8.3,6.6,7.3,6.2,9.370000000000001,9.85,8.416666666666668
2011-01-01,16.2,14.1,8.2,7.1,9.8,8.8,7.7,7.1,7.8,6.6,7.3,6.3,9.169999999999998,9.5,8.333333333333334
2011-02-01,16.4,14.1,8.0,7.2,9.7,9.2,7.5,7.3,7.5,6.6,7.2,5.6,9.11,9.383333333333333,8.333333333333334
2011-03-01,16.4,13.3,7.9,7.2,9.5,9.0,7.4,7.1,7.8,6.5,6.9,6.0,8.99,9.316666666666665,8.183333333333334
2011-04-01,16.3,13.3,8.1,7.3,10.1,9.3,7.3,7.5,7.7,6.6,7.0,5.8,9.09,9.416666666666666,8.3
2011-05-01,15.8,13.7,8.0,7.4,9.9,9.0,7.4,7.6,7.7,6.5,7.0,6.3,9.09,9.3,8.416666666666666
2011-06-01,15.1,13.5,8.4,7.4,10.1,9.1,8.0,7.3,7.6,7.0,7.8,6.1,9.159999999999998,9.5,8.4
2011-07-01,15.3,13.6,8.1,7.1,10.2,9.0,7.3,6.5,7.6,6.6,7.3,6.4,8.98,9.299999999999999,8.200000000000001
2011-08-01,15.9,12.9,8.0,7.3,9.6,9.1,8.0,7.4,7.3,6.8,7.0,6.5,9.05,9.299999999999999,8.333333333333332
2011-09-01,15.5,13.6,7.9,7.5,9.6,9.5,7.6,7.4,7.4,6.9,6.8,6.4,9.07,9.133333333333333,8.549999999999999
2011-10-01,14.7,13.0,8.0,7.3,9.9,9.0,7.5,6.8,7.2,6.5,7.2,6.6,8.84,9.083333333333334,8.200000000000001
2011-11-01,16.0,12.4,7.4,7.2,9.1,9.1,7.0,7.0,6.6,6.6,6.6,6.2,8.66,8.783333333333333,8.083333333333334
2011-12-01,15.3,13.1,7.1,7.3,9.2,9.3,6.6,7.0,6.4,6.6,6.1,6.1,8.569999999999999,8.45,8.233333333333334
2012-01-01,14.4,12.0,6.9,7.1,8.9,9.1,6.4,7.4,6.2,6.5,6.0,5.9,8.280000000000001,8.133333333333335,8.0
2012-02-01,15.7,11.7,6.8,7.2,8.6,8.7,6.4,7.3,6.3,6.7,5.7,6.0,8.309999999999999,8.25,7.933333333333334
2012-03-01,14.0,11.9,7.0,6.8,8.9,8.5,6.6,6.3,6.1,6.5,6.3,6.0,8.11,8.15,7.666666666666667
2012-04-01,14.5,12.1,6.8,6.9,8.2,8.3,6.5,6.7,6.1,6.3,6.3,6.1,8.11,8.066666666666666,7.733333333333333
2012-05-01,14.2,11.7,7.0,6.9,8.0,8.6,6.5,6.9,6.4,6.1,7.0,5.9,8.13,8.183333333333334,7.683333333333334
2012-06-01,15.0,12.0,7.0,6.9,7.9,8.5,7.1,7.0,6.4,6.4,6.7,5.7,8.27,8.35,7.75
2012-07-01,14.8,11.9,6.9,6.9,7.8,8.4,6.5,7.0,6.6,6.4,6.5,5.7,8.16,8.183333333333334,7.716666666666668
2012-08-01,15.0,12.6,6.8,6.7,8.1,8.2,6.3,7.0,6.4,6.2,6.2,5.6,8.16,8.133333333333333,7.716666666666668
2012-09-01,13.5,11.0,6.6,6.5,7.9,8.2,6.1,6.4,6.1,6.0,6.3,5.4,7.69,7.75,7.25
2012-10-01,13.7,12.4,6.5,6.5,8.0,8.3,6.0,6.5,6.1,5.8,6.0,5.6,7.840000000000001,7.716666666666668,7.516666666666667
2012-11-01,13.2,12.5,6.5,6.4,7.7,7.8,6.1,6.4,6.0,5.9,6.2,5.4,7.720000000000001,7.616666666666667,7.3999999999999995
2012-12-01,13.7,13.9,6.4,6.6,7.7,7.8,6.1,7.2,5.7,6.0,6.2,5.5,7.9799999999999995,7.633333333333334,7.833333333333333
2013-01-01,15.4,12.9,6.6,6.5,7.7,7.7,6.2,7.0,6.0,6.0,6.3,5.7,8.09,8.033333333333333,7.633333333333333
2013-02-01,13.2,12.7,6.3,6.3,7.7,7.8,5.9,6.6,5.7,5.5,5.9,5.5,7.65,7.45,7.3999999999999995
2013-03-01,14.4,11.7,6.1,6.4,7.4,7.5,5.7,6.5,5.6,5.8,5.7,5.3,7.56,7.483333333333334,7.199999999999999
2013-04-01,14.4,12.3,6.3,6.0,7.7,7.3,5.8,5.9,6.1,5.6,5.7,5.2,7.6,7.666666666666667,7.050000000000001
2013-05-01,14.8,11.6,6.3,5.9,7.2,7.2,5.9,6.2,6.2,5.6,5.8,4.7,7.5200000000000005,7.7,6.866666666666667
2013-06-01,14.9,11.9,6.2,6.2,7.5,7.8,5.8,6.1,6.0,5.6,5.5,5.4,7.65,7.6499999999999995,7.166666666666667
2013-07-01,13.8,10.8,6.2,5.8,7.7,7.2,5.8,6.0,5.6,5.6,5.6,4.1,7.219999999999999,7.45,6.583333333333333
2013-08-01,14.6,11.6,6.2,5.5,8.3,6.9,5.6,5.7,5.5,5.2,5.4,4.6,7.339999999999999,7.6000000000000005,6.583333333333333
2013-09-01,14.6,10.7,6.2,5.7,7.8,6.9,5.7,5.4,5.8,5.3,5.5,5.0,7.2700000000000005,7.6000000000000005,6.499999999999999
2013-10-01,13.7,10.5,6.1,5.8,7.2,6.9,5.7,5.7,6.0,5.6,5.6,5.3,7.219999999999999,7.383333333333333,6.633333333333333
2013-11-01,12.4,10.8,6.0,5.7,7.4,7.2,5.9,5.4,5.6,5.3,5.2,4.5,6.970000000000001,7.083333333333333,6.483333333333333
2013-12-01,11.5,10.1,5.6,5.6,7.0,6.8,5.2,5.5,4.9,5.2,5.2,4.9,6.630000000000001,6.566666666666667,6.3500000000000005
2014-01-01,12.9,10.9,5.5,5.1,6.9,6.6,4.9,5.1,5.2,4.9,4.7,4.4,6.65,6.683333333333334,6.166666666666667
2014-02-01,13.6,10.4,5.5,5.4,7.0,7.2,5.1,4.9,5.3,4.9,4.5,4.4,6.730000000000001,6.833333333333333,6.199999999999999
2014-03-01,13.1,11.5,5.3,5.6,6.5,7.3,5.0,5.4,4.9,5.0,4.7,4.6,6.8,6.583333333333333,6.566666666666667
2014-04-01,12.2,9.2,5.2,5.2,6.6,6.7,4.8,5.0,4.5,4.8,4.7,4.6,6.3100000000000005,6.333333333333333,5.916666666666667
2014-05-01,12.2,10.0,5.2,5.2,6.7,6.4,4.9,5.1,4.3,4.6,4.6,4.7,6.35,6.316666666666666,6.000000000000001
2014-06-01,11.8,9.1,5.1,4.9,6.6,6.3,4.5,4.9,4.1,4.3,5.0,4.0,6.06,6.183333333333334,5.583333333333333
2014-07-01,12.3,9.5,4.9,5.1,6.5,6.6,4.8,4.8,3.8,4.5,4.4,4.6,6.18,6.116666666666667,5.8500000000000005
2014-08-01,11.9,9.9,5.0,5.1,6.6,7.1,4.9,4.7,4.1,4.1,4.4,4.6,6.2299999999999995,6.1499999999999995,5.916666666666667
2014-09-01,12.7,10.3,4.5,4.9,5.9,6.7,4.0,4.8,4.0,4.3,3.9,3.9,6.05,5.833333333333333,5.816666666666667
2014-10-01,10.0,10.5,4.5,4.8,5.9,6.4,4.1,4.7,3.8,4.3,4.2,3.9,5.779999999999999,5.416666666666667,5.766666666666667
2014-11-01,11.6,10.0,4.8,4.7,6.0,6.0,4.3,4.6,4.2,4.1,4.7,4.2,5.970000000000001,5.933333333333334,5.6000000000000005
2014-12-01,11.3,9.5,4.5,4.5,5.6,6.1,4.2,4.3,4.0,4.0,4.1,3.8,5.6899999999999995,5.616666666666666,5.366666666666667
2015-01-01,11.3,7.7,4.6,4.6,5.8,5.9,4.4,4.4,4.0,4.4,4.2,4.0,5.610000000000001,5.716666666666668,5.166666666666667
2015-02-01,10.8,9.1,4.6,4.4,5.6,5.2,4.2,4.6,3.9,3.9,4.4,4.0,5.569999999999999,5.583333333333333,5.199999999999999
2015-03-01,11.3,10.0,4.4,4.3,5.7,5.7,4.1,4.2,3.7,3.8,4.0,3.7,5.62,5.533333333333334,5.283333333333333
2015-04-01,10.7,8.7,4.4,4.5,5.4,6.3,4.1,4.6,4.0,3.7,4.2,3.7,5.540000000000001,5.466666666666668,5.25
2015-05-01,11.4,9.0,4.4,4.6,5.6,6.0,4.3,4.7,3.7,4.1,4.0,3.7,5.65,5.566666666666666,5.3500000000000005
2015-06-01,10.8,8.6,4.2,4.3,5.3,5.8,4.1,3.8,3.4,3.5,3.8,3.6,5.27,5.266666666666667,4.933333333333334
2015-07-01,10.5,8.8,4.1,4.4,5.5,5.5,3.8,4.4,3.5,3.9,3.7,3.5,5.3100000000000005,5.183333333333334,5.083333333333333
2015-08-01,10.1,8.0,4.0,4.2,5.1,5.1,3.5,4.2,3.6,3.9,3.9,3.6,5.1,5.033333333333333,4.833333333333333
2015-09-01,10.4,8.0,4.1,4.2,5.2,5.0,3.7,4.4,3.3,3.5,4.0,3.7,5.12,5.116666666666666,4.8
2015-10-01,10.3,8.0,4.1,4.2,5.4,5.1,3.8,4.5,3.6,3.7,3.4,3.5,5.130000000000001,5.1000000000000005,4.833333333333333
2015-11-01,11.4,7.9,4.1,4.3,5.6,5.4,3.7,4.3,3.3,3.5,3.7,3.7,5.250000000000001,5.3,4.8500000000000005
2015-12-01,10.0,8.3,4.0,4.0,5.5,5.1,3.8,4.3,3.4,3.9,3.4,3.0,5.069999999999999,5.016666666666667,4.766666666666667
2016-01-01,8.6,6.8,3.9,4.2,4.9,5.1,3.4,4.4,3.3,3.7,3.8,3.5,4.75,4.6499999999999995,4.616666666666666
2016-02-01,9.2,8.0,3.9,4.1,4.9,5.0,3.5,4.0,3.2,3.8,4.0,3.5,4.91,4.783333333333333,4.733333333333333
2016-03-01,9.0,8.2,4.0,4.3,4.9,5.5,3.4,4.2,3.5,3.6,4.0,3.8,5.01,4.8,4.933333333333334
2016-04-01,9.6,8.4,4.1,4.2,5.3,5.0,3.7,4.5,3.5,3.7,3.8,3.6,5.11,5.0,4.9
2016-05-01,8.9,7.6,3.9,3.9,5.1,5.1,3.4,3.8,3.2,3.8,3.7,3.1,4.7700000000000005,4.699999999999999,4.550000000000001
2016-06-01,9.1,7.6,3.9,4.1,5.1,5.3,3.6,4.0,3.4,3.6,3.7,3.3,4.869999999999999,4.8,4.65
2016-07-01,10.1,7.3,4.0,3.7,5.1,5.0,3.5,3.3,3.6,3.2,3.8,3.3,4.819999999999999,5.016666666666667,4.3
2016-08-01,9.4,6.6,4.0,4.2,5.0,5.3,3.8,4.3,3.4,3.7,3.6,3.4,4.85,4.866666666666666,4.583333333333333
2016-09-01,9.3,7.0,4.2,4.1,5.2,5.2,4.1,4.3,3.4,3.8,3.9,3.3,4.949999999999999,5.016666666666666,4.616666666666667
2016-10-01,10.0,7.0,4.0,4.1,5.1,5.1,3.8,4.2,3.3,3.7,3.9,3.5,4.96,5.016666666666667,4.6
2016-11-01,9.3,7.2,3.9,4.0,5.1,4.8,3.6,3.6,3.3,3.8,3.6,3.6,4.790000000000001,4.800000000000001,4.500000000000001
2016-12-01,9.3,7.0,3.9,4.0,4.7,4.7,3.8,4.2,3.1,3.5,3.6,3.5,4.74,4.733333333333334,4.483333333333333
2017-01-01,9.3,7.0,3.8,4.1,4.9,4.9,3.9,4.1,3.0,3.5,3.2,3.8,4.76,4.683333333333333,4.566666666666667
2017-02-01,9.6,6.4,3.8,4.0,4.9,4.6,3.8,4.5,2.9,3.4,3.4,3.6,4.71,4.7333333333333325,4.416666666666667
2017-03-01,8.3,6.1,3.7,3.7,4.6,4.1,3.7,4.1,3.0,3.3,3.4,3.3,4.39,4.45,4.1000000000000005
2017-04-01,8.2,6.4,3.4,3.9,4.3,4.4,3.4,3.9,2.8,4.0,3.2,3.3,4.39,4.216666666666666,4.316666666666667
2017-05-01,7.7,5.3,3.4,4.0,4.7,5.2,3.0,3.8,3.1,3.5,2.9,3.3,4.249999999999999,4.133333333333334,4.183333333333334
2017-06-01,8.3,6.1,3.4,3.7,4.4,4.2,3.0,3.5,3.3,3.8,2.9,3.2,4.2700000000000005,4.216666666666667,4.083333333333333
2017-07-01,8.0,6.6,3.5,3.6,4.4,4.5,3.4,3.4,3.3,3.1,2.9,3.3,4.29,4.25,4.083333333333333
2017-08-01,7.6,6.2,3.7,3.7,4.8,4.7,3.2,3.4,3.6,3.6,3.2,3.0,4.33,4.3500000000000005,4.1000000000000005
2017-09-01,8.6,6.4,3.4,3.6,4.4,4.5,2.9,3.5,3.1,3.1,3.2,3.4,4.3100000000000005,4.266666666666667,4.083333333333333
2017-10-01,8.3,6.5,3.4,3.4,4.5,4.6,2.8,3.3,2.8,2.7,3.4,2.8,4.17,4.2,3.8833333333333333
2017-11-01,8.6,6.1,3.3,3.5,4.3,4.6,2.7,3.6,2.8,2.8,3.4,2.9,4.18,4.183333333333333,3.9166666666666665
2017-12-01,8.0,6.6,3.4,3.5,4.4,4.6,2.7,3.5,2.8,2.7,3.5,3.2,4.2,4.133333333333334,4.016666666666667
2018-01-01,8.3,6.4,3.3,3.3,3.9,4.7,3.1,3.1,3.1,2.8,3.3,2.6,4.130000000000001,4.166666666666667,3.816666666666667
2018-02-01,7.7,5.9,3.3,3.5,3.9,4.6,2.8,3.6,2.7,3.0,3.5,3.0,4.07,3.983333333333333,3.9333333333333336
2018-03-01,7.0,5.8,3.2,3.4,3.9,4.0,3.0,3.5,2.8,2.9,3.1,3.2,3.920000000000001,3.833333333333334,3.7999999999999994
2018-04-01,7.5,5.9,3.3,3.3,4.5,4.1,2.7,3.4,2.7,3.0,3.2,2.8,3.9799999999999995,3.983333333333333,3.75
2018-05-01,7.7,6.2,3.1,3.1,3.8,3.9,2.6,3.1,2.8,2.7,2.9,2.5,3.8199999999999994,3.816666666666667,3.5833333333333335
2018-06-01,8.2,6.4,3.2,3.3,3.7,4.1,2.8,3.2,3.1,3.1,3.1,2.9,4.06,4.016666666666667,3.8333333333333335
2018-07-01,7.4,6.3,3.0,3.3,3.5,3.4,2.5,3.5,2.9,2.9,2.9,3.1,3.8400000000000007,3.6999999999999993,3.75
2018-08-01,7.3,5.7,3.1,3.2,4.1,4.0,2.6,3.1,2.5,2.7,3.0,3.1,3.81,3.766666666666667,3.6333333333333333
2018-09-01,7.5,6.4,3.1,3.0,3.6,3.5,3.0,2.8,2.7,2.7,3.0,2.8,3.8,3.8166666666666664,3.533333333333333
2018-10-01,7.7,6.3,3.1,3.1,4.0,3.6,3.1,2.9,2.7,2.8,2.8,3.0,3.8899999999999997,3.9000000000000004,3.6166666666666667
2018-11-01,7.4,6.0,3.0,3.2,3.5,4.3,2.9,3.0,2.6,2.7,3.0,2.8,3.8199999999999994,3.733333333333334,3.6666666666666665
2018-12-01,8.0,6.9,3.2,3.2,3.8,4.3,2.9,2.8,3.1,2.8,3.1,2.8,4.05,4.016666666666667,3.8000000000000007
2019-01-01,8.7,6.8,3.2,3.2,3.8,4.0,2.9,2.9,2.8,3.0,3.3,3.0,4.119999999999999,4.116666666666666,3.8166666666666664
2019-02-01,7.8,6.7,3.0,3.1,3.7,4.3,2.7,2.6,2.9,2.7,2.8,2.6,3.88,3.8166666666666664,3.6666666666666674
2019-03-01,8.4,5.4,3.0,3.1,3.6,4.1,2.9,2.8,2.9,2.8,2.7,2.6,3.8200000000000003,3.916666666666666,3.466666666666667
2019-04-01,7.4,5.4,2.9,2.9,3.6,4.1,2.7,2.7,2.8,2.3,2.6,2.6,3.62,3.6666666666666674,3.333333333333334
2019-05-01,8.2,5.5,2.8,3.0,3.4,3.6,2.5,2.8,2.6,2.6,2.5,3.0,3.6700000000000004,3.6666666666666665,3.4166666666666665
2019-06-01,7.4,4.6,2.8,3.2,3.5,3.5,2.3,3.2,2.9,2.6,2.6,3.3,3.59,3.5833333333333335,3.4000000000000004
2019-07-01,7.4,5.9,2.9,3.0,3.8,3.5,2.5,2.9,2.9,2.5,2.4,2.9,3.6700000000000004,3.65,3.4499999999999997
2019-08-01,7.6,6.0,2.9,3.0,3.8,3.4,2.5,2.9,3.0,2.6,2.4,2.8,3.6999999999999993,3.6999999999999997,3.4500000000000006
2019-09-01,7.2,5.4,2.9,2.8,3.9,3.2,2.3,2.8,2.8,2.8,2.4,2.6,3.5400000000000005,3.5833333333333335,3.266666666666667
2019-10-01,7.8,4.9,2.9,3.0,3.9,3.8,2.4,2.9,2.5,2.6,2.6,2.8,3.6199999999999997,3.6833333333333336,3.3333333333333335
2019-11-01,7.3,5.7,2.9,3.0,3.8,3.6,2.6,3.0,2.2,2.9,2.7,2.6,3.6399999999999997,3.5833333333333335,3.466666666666667
2019-12-01,7.3,6.0,2.8,3.0,3.7,3.7,2.6,3.1,2.5,2.6,2.3,2.7,3.650000000000001,3.5333333333333337,3.516666666666666
2020-01-01,7.0,6.9,2.9,2.9,3.9,3.6,2.7,2.9,2.3,2.4,2.6,2.5,3.6799999999999997,3.566666666666667,3.533333333333333
2020-02-01,6.8,6.1,3.0,2.8,3.8,3.5,2.8,2.8,2.4,2.5,2.8,2.4,3.59,3.6,3.3499999999999996
2020-03-01,8.6,8.0,3.6,3.5,4.2,4.0,3.4,3.6,3.1,3.3,3.5,3.2,4.49,4.3999999999999995,4.266666666666667
2020-04-01,23.1,27.9,12.0,14.2,14.1,15.0,10.5,12.8,11.3,13.3,12.1,15.4,15.55,13.85,16.433333333333334
2020-05-01,22.1,23.9,10.5,12.8,12.9,14.0,9.4,11.0,9.1,12.4,10.2,13.6,13.860000000000003,12.366666666666667,14.616666666666667
2020-06-01,18.7,20.4,9.2,10.3,11.7,11.7,8.7,9.3,7.5,9.3,8.8,10.5,11.659999999999998,10.766666666666666,11.916666666666666
2020-07-01,17.2,18.9,8.6,9.6,11.6,10.8,7.7,8.4,6.7,9.0,7.9,9.6,10.78,9.950000000000001,11.049999999999999
2020-08-01,14.1,13.8,7.3,7.8,9.7,9.4,6.4,6.6,5.7,6.8,7.2,8.0,8.77,8.4,8.733333333333333
2020-09-01,12.9,12.2,6.8,7.3,8.7,8.6,6.1,6.3,6.1,6.8,6.3,7.2,8.12,7.816666666666666,8.066666666666666
2020-10-01,12.0,9.9,6.2,6.1,7.8,6.9,5.8,6.0,5.9,5.8,5.2,5.8,7.109999999999999,7.150000000000001,6.749999999999999
2020-11-01,12.0,9.4,6.2,5.8,7.7,6.4,5.6,5.6,5.4,5.5,5.8,5.8,6.92,7.116666666666666,6.416666666666667
2020-12-01,12.3,10.2,5.9,5.9,6.7,6.6,5.8,5.2,5.1,5.6,5.9,6.1,6.95,6.95,6.6000000000000005
2021-01-01,10.0,9.8,5.7,5.6,6.9,6.6,5.5,5.6,4.7,5.1,5.4,5.2,6.4799999999999995,6.366666666666667,6.316666666666667
2021-02-01,10.4,9.0,5.6,5.6,6.6,6.1,5.4,5.7,4.6,5.3,5.6,5.1,6.38,6.366666666666667,6.133333333333333
2021-03-01,10.6,9.5,5.2,5.3,6.6,6.7,5.1,5.2,4.6,4.5,4.6,4.7,6.210000000000001,6.116666666666667,5.983333333333333
2021-04-01,11.4,9.3,5.4,5.2,6.7,6.2,4.7,5.3,5.2,4.5,5.2,4.9,6.34,6.433333333333334,5.8999999999999995
2021-05-01,11.1,9.2,5.3,4.9,6.1,5.4,5.3,4.7,5.0,4.5,4.6,5.1,6.1,6.233333333333333,5.633333333333333
2021-06-01,10.2,7.9,5.4,5.3,7.0,5.9,5.1,5.6,4.7,4.6,4.8,5.0,6.08,6.2,5.716666666666668
2021-07-01,10.3,7.8,4.9,4.7,6.3,5.8,4.6,4.7,4.1,3.6,4.4,4.3,5.59,5.766666666666667,5.15
2021-08-01,9.4,8.9,4.6,4.3,5.8,5.3,4.4,4.2,4.1,3.9,4.0,3.7,5.37,5.383333333333334,5.05
2021-09-01,9.0,6.4,4.3,4.0,5.7,4.8,4.0,3.7,3.7,4.1,3.6,3.4,4.84,5.05,4.3999999999999995
2021-10-01,8.3,6.2,3.9,4.0,5.0,4.4,3.7,4.0,3.2,4.3,3.5,3.6,4.619999999999999,4.6000000000000005,4.416666666666667
2021-11-01,8.0,6.7,3.5,3.6,4.3,4.0,3.9,3.8,2.9,3.2,3.0,3.5,4.33,4.266666666666667,4.133333333333334
2021-12-01,7.7,6.4,3.3,3.3,4.4,4.0,3.3,3.2,2.5,3.0,2.7,3.1,4.03,3.983333333333333,3.8333333333333335
2022-01-01,8.5,5.9,3.4,3.4,4.4,4.2,3.5,3.5,2.4,2.8,3.2,3.1,4.15,4.233333333333333,3.816666666666667
2022-02-01,7.8,7.1,3.2,3.3,3.9,4.4,3.3,3.3,2.3,2.6,3.2,2.9,4.08,3.9499999999999997,3.933333333333333
2022-03-01,8.5,6.3,2.9,3.0,4.0,3.9,2.8,2.7,1.9,2.6,2.6,2.6,3.7900000000000005,3.783333333333333,3.5166666666666675
2022-04-01,8.0,5.7,3.0,2.9,4.2,3.7,2.8,3.0,2.0,2.3,2.8,2.7,3.72,3.8000000000000003,3.3833333333333333
2022-05-01,7.1,6.4,2.9,3.0,3.9,3.9,2.8,3.0,2.2,2.5,2.7,2.7,3.72,3.5999999999999996,3.5833333333333335
2022-06-01,7.6,6.0,2.9,3.1,3.5,3.4,2.9,3.6,2.3,2.6,2.8,2.7,3.7399999999999998,3.6666666666666665,3.566666666666667
2022-07-01,7.3,5.4,2.8,2.8,3.5,3.7,2.8,2.6,2.4,2.4,2.5,2.4,3.499999999999999,3.5499999999999994,3.2166666666666663
2022-08-01,8.1,5.8,3.0,3.0,3.7,3.8,3.0,2.8,2.6,2.7,2.7,2.6,3.7800000000000002,3.85,3.4500000000000006
2022-09-01,7.9,6.0,2.8,2.7,3.6,3.6,2.9,3.1,2.3,1.9,2.4,2.4,3.6100000000000003,3.65,3.2833333333333328
2022-10-01,7.2,6.6,2.9,3.1,3.9,4.0,2.6,3.2,2.8,2.7,2.3,2.5,3.78,3.616666666666667,3.683333333333333
2022-11-01,7.7,5.9,2.9,3.0,4.1,4.1,2.4,2.9,2.6,2.8,2.6,2.3,3.7399999999999998,3.716666666666667,3.5
2022-12-01,7.3,7.3,2.8,2.8,3.9,3.7,2.3,2.5,2.1,2.5,2.7,2.6,3.69,3.516666666666667,3.566666666666667
2023-01-01,7.8,6.3,2.9,2.7,4.3,3.5,2.5,2.7,2.2,2.4,2.4,2.2,3.6300000000000003,3.683333333333333,3.2999999999999994
2023-02-01,7.9,5.9,2.9,3.0,3.9,3.9,2.7,2.4,2.5,2.8,2.5,2.7,3.72,3.733333333333334,3.4499999999999997
2023-03-01,6.9,6.1,3.0,2.7,4.0,3.4,2.8,2.3,2.1,2.8,2.8,2.4,3.5599999999999996,3.6,3.283333333333333
2023-04-01,6.0,4.7,2.9,2.8,4.0,3.5,2.9,3.0,2.4,2.5,2.3,2.4,3.37,3.4166666666666665,3.15
2023-05-01,7.1,5.4,3.0,3.1,3.7,4.0,2.7,3.1,2.7,2.6,2.9,2.6,3.6800000000000006,3.683333333333333,3.466666666666667
2023-06-01,6.7,5.3,3.0,3.0,4.0,3.9,2.5,3.5,2.5,2.3,3.0,2.1,3.5800000000000005,3.6166666666666667,3.35
2023-07-01,7.2,6.2,2.9,2.7,3.8,3.3,2.8,3.2,2.6,1.9,2.2,2.3,3.55,3.5833333333333335,3.266666666666666
2023-08-01,8.4,5.8,3.1,2.9,3.9,3.8,3.0,2.9,2.7,2.2,2.8,2.5,3.8,3.983333333333333,3.35
2023-09-01,8.4,5.7,3.3,2.8,4.6,3.3,3.0,2.5,3.1,2.4,2.5,2.7,3.8200000000000003,4.1499999999999995,3.233333333333333
2023-10-01,7.9,6.2,3.3,2.9,4.7,3.7,3.0,2.9,2.6,2.2,2.7,2.8,3.87,4.033333333333333,3.4500000000000006
